Site,1,2,3,4,5,6,7
C & O Canal 10A,0,0,0,0,0,0,0
C & O Canal 10C,0,0,0,0,0,0,0
C & O Canal 11A,0,0,0,0,0,0,0
C & O Canal 11B,0,0,0,0,0,0,0
C & O Canal 11C,0,0,0,0,0,0,0
C & O Canal 12A,0,0,0,0,0,0,0
C & O Canal 12B,0,0,0,0,0,0,0
C & O Canal 12C,0,0,0,0,0,0,0
C & O Canal 13A,0,0,0,0,0,0,0
C & O Canal 13B,0,0,0,0,0,0,0
C & O Canal 13C,0,0,0,0,0,0,0
C & O Canal 1A,0,0,0,0,0,0,0
C & O Canal 1B,0,0,0,0,0,0,0
C & O Canal 1C,0,0,0,0,0,0,0
C & O Canal 20A,0,0,0,0,0,0,0
C & O Canal 20B,0,0,0,0,0,0,0
C & O Canal 20C,0,0,0,0,0,0,0
C & O Canal 21A,0,0,0,0,0,0,0
C & O Canal 21B,0,0,0,0,0,0,0
C & O Canal 21C,0,0,0,0,0,0,0
C & O Canal 23B,0,0,0,0,0,0,0
C & O Canal 25A,0,0,0,0,0,0,0
C & O Canal 25B,0,0,0,0,0,0,0
C & O Canal 25C,0,0,0,0,0,0,0
C & O Canal 26C,0,0,0,0,0,0,0
C & O Canal 28B,0,0,0,0,0,0,0
C & O Canal 28C,0,0,0,0,0,0,0
C & O Canal 29A,0,0,0,0,0,0,0
C & O Canal 29B,0,0,0,0,0,0,0
C & O Canal 29C,0,0,0,0,0,0,0
C & O Canal 2A,0,0,0,0,0,0,0
C & O Canal 2B,0,0,0,0,0,0,0
C & O Canal 2C,0,0,0,0,0,0,0
C & O Canal 31C,0,0,0,0,0,0,0
C & O Canal 32B,0,0,0,0,0,0,0
C & O Canal 33B,0,0,0,0,0,0,0
C & O Canal 3A,0,0,0,0,0,0,0
C & O Canal 3B,0,0,0,0,0,0,0
C & O Canal 3C,0,0,0,0,0,0,0
C & O Canal 4A,0,0,0,0,0,0,0
C & O Canal 4B,0,0,0,0,0,0,0
C & O Canal 4C,0,0,0,0,0,0,0
C & O Canal 5A,0,0,0,0,0,0,0
C & O Canal 5C,0,0,0,0,0,0,0
C & O Canal 6A,0,0,0,0,0,0,0
C & O Canal 6B,0,0,0,0,0,0,0
C & O Canal 6C,0,0,0,0,0,0,0
C & O Canal 7A,0,0,0,0,0,0,0
C & O Canal 7B,0,0,0,0,0,0,0
C & O Canal 7C,0,0,0,0,0,0,0
C & O Canal 8A,0,0,0,0,0,0,0
C & O Canal 8B,0,0,0,0,0,0,0
C & O Canal 8C,0,0,0,0,0,0,0
C & O Canal 9A,0,0,0,0,0,0,0
C & O Canal 9B,0,0,0,0,0,0,0
C & O Canal 9C,0,0,0,0,0,0,0
C. Shenandoah 11A,0,0,0,0,0,0,0
C. Shenandoah 11B,0,0,0,0,0,0,0
C. Shenandoah 11C,0,0,0,0,0,0,0
C. Shenandoah 12A,0,0,0,1,0,0,0
C. Shenandoah 12B,1,0,0,0,0,0,0
C. Shenandoah 12C,0,0,0,0,0,0,0
C. Shenandoah 14A,0,0,0,0,0,0,1
C. Shenandoah 14B,0,0,0,0,0,0,0
C. Shenandoah 14C,0,0,0,0,0,0,0
C. Shenandoah 15A,0,0,0,0,0,1,0
C. Shenandoah 15B,0,0,0,0,0,0,0
C. Shenandoah 16A,0,0,0,0,0,0,0
C. Shenandoah 16B,0,0,0,0,0,0,0
C. Shenandoah 16C,0,0,0,0,0,0,0
C. Shenandoah 17B,0,0,0,0,0,0,0
C. Shenandoah 17C,0,0,0,0,0,0,0
C. Shenandoah 18B,0,0,0,0,0,0,0
C. Shenandoah 18C,0,0,0,0,0,0,0
C. Shenandoah 1A,1,0,1,0,0,0,0
C. Shenandoah 1B,0,0,0,1,0,0,0
C. Shenandoah 1C,0,0,0,0,0,0,0
C. Shenandoah 20A,0,0,0,0,0,0,0
C. Shenandoah 20B,0,0,0,0,0,0,0
C. Shenandoah 20C,0,0,0,0,0,0,0
C. Shenandoah 27A,0,0,0,0,0,0,0
C. Shenandoah 27B,0,0,0,0,0,0,0
C. Shenandoah 27C,0,0,0,0,0,0,0
C. Shenandoah 28A,1,0,0,0,0,0,0
C. Shenandoah 28B,0,0,0,0,0,0,0
C. Shenandoah 29A,0,0,0,0,0,1,0
C. Shenandoah 29B,1,0,0,0,0,0,0
C. Shenandoah 29C,0,0,0,0,0,0,0
C. Shenandoah 2A,0,0,0,0,0,0,0
C. Shenandoah 2B,0,0,0,0,0,0,0
C. Shenandoah 2C,0,0,0,0,0,0,0
C. Shenandoah 31A,0,1,0,0,0,0,0
C. Shenandoah 31B,0,0,0,0,0,0,0
C. Shenandoah 3A,0,0,0,0,0,0,0
C. Shenandoah 3B,0,0,0,0,0,0,0
C. Shenandoah 4A,1,0,0,0,1,0,0
C. Shenandoah 4C,0,0,0,0,0,0,0
C. Shenandoah 6B,0,1,0,0,0,0,0
C. Shenandoah 6C,0,0,0,0,0,0,0
C. Shenandoah 7A,0,1,0,0,0,0,0
C. Shenandoah 7B,0,0,0,0,0,0,0
C. Shenandoah 7C,0,0,0,0,0,0,0
C. Shenandoah 8A,0,0,0,0,0,0,0
C. Shenandoah 8B,0,0,0,0,0,0,0
C. Shenandoah 8C,0,0,0,0,0,0,0
C. Shenandoah 9A,0,0,0,0,0,0,0
C. Shenandoah 9B,0,0,0,0,0,0,0
Carvins Cove 14A,0,0,0,0,0,0,0
Carvins Cove 14B,0,0,0,0,0,0,0
Carvins Cove 14C,0,0,0,0,0,0,0
Carvins Cove 15A,0,0,0,0,0,0,0
Carvins Cove 15B,0,0,0,0,0,0,0
Carvins Cove 15C,0,0,0,0,0,0,0
Carvins Cove 16A,0,0,0,0,0,0,0
Carvins Cove 16B,0,0,0,0,0,0,0
Carvins Cove 16C,0,0,0,0,0,0,0
Carvins Cove 17A,0,0,0,0,0,0,0
Carvins Cove 17B,0,0,0,0,0,0,0
Carvins Cove 17C,0,0,0,0,0,0,0
Carvins Cove 18A,0,0,0,0,0,0,0
Carvins Cove 18B,0,0,0,0,0,0,0
Carvins Cove 19A,0,0,0,0,0,0,0
Carvins Cove 19B,0,0,0,0,0,0,0
Carvins Cove 19C,0,0,0,0,0,0,0
Carvins Cove 1A,0,0,0,0,0,0,0
Carvins Cove 1B,0,0,0,0,0,0,0
Carvins Cove 1C,0,0,0,0,0,0,0
Carvins Cove 20A,0,0,0,0,0,0,0
Carvins Cove 20B,0,0,0,0,0,0,0
Carvins Cove 20C,0,0,0,0,0,0,0
Carvins Cove 21B,0,0,0,0,0,0,0
Carvins Cove 21C,0,0,0,0,0,0,0
Carvins Cove 22A,0,0,0,0,0,0,0
Carvins Cove 22B,0,0,0,0,0,0,0
Carvins Cove 23C,0,0,0,0,0,0,0
Carvins Cove 24A,0,0,0,0,0,0,0
Carvins Cove 24C,0,0,0,0,0,0,0
Carvins Cove 25A,0,0,0,0,0,0,0
Carvins Cove 25B,0,0,0,0,0,0,0
Carvins Cove 25C,0,0,0,0,0,0,0
Carvins Cove 32A,0,0,0,0,0,0,0
Carvins Cove 32B,0,0,0,0,0,0,0
Carvins Cove 32C,0,0,1,0,0,0,0
Carvins Cove 33B,0,0,0,0,0,0,0
Carvins Cove 33C,0,0,0,0,0,0,0
Carvins Cove 34A,0,1,0,0,0,0,0
Carvins Cove 34B,0,0,0,0,0,0,0
Carvins Cove 34C,0,0,0,0,0,0,0
Carvins Cove 36A,0,0,0,0,1,0,0
Carvins Cove 36B,0,0,0,0,0,0,0
Carvins Cove 36C,0,0,0,0,0,0,0
Carvins Cove 3A,0,0,0,0,0,0,0
Carvins Cove 3B,0,0,0,0,0,0,0
Carvins Cove 3C,0,0,0,0,0,0,0
Carvins Cove 4A,0,0,0,0,0,0,0
Carvins Cove 4B,0,0,0,0,0,0,0
Carvins Cove 5A,0,0,0,1,0,0,0
Carvins Cove 5B,0,0,0,0,0,0,0
Carvins Cove 6A,0,0,0,0,0,0,0
Carvins Cove 6B,0,0,0,0,0,0,0
Carvins Cove 6C,0,0,0,0,0,0,0
Carvins Cove 7A,0,0,0,0,0,0,0
Carvins Cove 7B,0,0,0,0,0,0,0
Carvins Cove 7C,0,0,0,0,0,0,0
Carvins Cove 8A,0,0,0,0,0,0,0
Carvins Cove 8B,0,0,0,0,0,0,0
Carvins Cove 9A,0,0,0,0,0,0,0
Carvins Cove 9B,0,0,0,0,0,0,0
Carvins Cove 9C,0,0,0,0,0,0,0
Cato/Cunn 13A,0,0,0,0,0,0,0
Cato/Cunn 13B,0,0,0,0,0,0,0
Cato/Cunn 13C,0,0,0,0,0,0,0
Cato/Cunn 15A,0,0,0,0,0,0,0
Cato/Cunn 15B,0,0,0,0,0,0,0
Cato/Cunn 15C,0,0,0,0,0,0,0
Cato/Cunn 17A,0,0,0,0,0,0,0
Cato/Cunn 17B,0,0,0,0,0,0,0
Cato/Cunn 17C,0,0,0,0,0,0,0
Cato/Cunn 18A,0,0,0,0,0,0,0
Cato/Cunn 18B,0,0,0,0,0,0,0
Cato/Cunn 18C,0,0,0,0,0,0,0
Cato/Cunn 19A,0,0,0,0,0,0,0
Cato/Cunn 19B,0,0,0,0,0,0,0
Cato/Cunn 19C,0,0,0,0,0,0,0
Cato/Cunn 20A,0,0,0,0,0,0,0
Cato/Cunn 20B,0,0,0,0,0,0,0
Cato/Cunn 20C,0,0,0,0,0,0,0
Cato/Cunn 22A,0,0,0,0,0,0,0
Cato/Cunn 22B,0,0,0,0,0,0,0
Cato/Cunn 22C,0,0,0,0,0,0,0
Cato/Cunn 24A,0,0,0,0,0,0,0
Cato/Cunn 24B,0,0,0,0,0,0,0
Cato/Cunn 24C,0,0,0,0,0,0,0
Cato/Cunn 25A,0,0,0,0,0,0,0
Cato/Cunn 25B,0,0,0,0,0,0,0
Cato/Cunn 25C,0,0,0,0,0,0,0
Cato/Cunn 26A,0,0,0,0,0,0,0
Cato/Cunn 26B,0,0,0,0,0,0,0
Cato/Cunn 26C,0,0,0,0,0,0,0
Cato/Cunn 35A,0,0,0,0,0,0,0
Cato/Cunn 35B,0,0,0,0,0,0,0
Cato/Cunn 35C,0,0,0,0,0,0,0
Cato/Cunn 51A,0,0,0,0,0,0,0
Cato/Cunn 51B,0,0,0,0,0,0,0
Cato/Cunn 54A,0,0,0,0,0,0,0
Cato/Cunn 54B,0,0,0,0,0,0,0
Cato/Cunn 54C,0,0,0,0,0,0,0
Cato/Cunn 57A,0,0,0,0,0,0,0
Cato/Cunn 57B,0,0,0,0,0,0,0
Cato/Cunn 57C,0,0,0,0,0,0,0
Cato/Cunn 59A,0,0,0,0,0,0,0
Cato/Cunn 59B,0,0,0,0,0,0,0
Cato/Cunn 59C,0,0,0,0,0,0,0
Cato/Cunn 60A,0,0,0,0,0,0,0
Cato/Cunn 60C,0,0,0,0,0,0,0
Cato/Cunn 62A,0,0,0,0,0,0,0
Cato/Cunn 62C,0,0,0,0,0,0,0
Cato/Cunn 63A,0,0,0,0,0,0,0
Cato/Cunn 63B,0,0,0,0,0,0,0
Cato/Cunn 64A,0,0,0,0,0,0,0
Cato/Cunn 64B,0,0,0,0,0,0,0
Cato/Cunn 64C,0,0,0,0,0,0,0
Cato/Cunn 65A,0,0,0,0,0,0,0
Cato/Cunn 65B,0,0,0,0,0,0,0
Cato/Cunn 65C,0,0,0,0,0,0,0
Cato/Cunn 66A,0,0,0,0,0,0,0
Cato/Cunn 66B,0,0,0,0,0,0,0
Cato/Cunn 66C,0,0,0,0,0,0,0
Cato/Cunn 6A,0,0,0,0,0,0,0
Cato/Cunn 6B,0,0,0,0,0,0,0
Cato/Cunn 72A,0,0,0,0,0,0,0
Cato/Cunn 72B,0,0,0,0,0,0,0
Cato/Cunn 73A,0,0,0,0,0,0,0
Cato/Cunn 73B,0,0,0,0,0,0,0
Cato/Cunn 73C,0,0,0,0,0,0,0
Cato/Cunn 7A,0,0,0,0,0,0,0
Cato/Cunn 7B,0,0,0,0,0,0,0
Cato/Cunn 7C,0,0,0,0,0,0,0
Cheraw 10A,0,0,0,0,0,0,0
Cheraw 10B,0,0,0,0,0,0,0
Cheraw 11A,0,0,0,0,0,0,0
Cheraw 11B,0,0,0,0,0,0,0
Cheraw 11C,0,0,0,0,0,0,0
Cheraw 12A,0,0,0,0,0,0,0
Cheraw 12B,0,0,0,0,0,0,0
Cheraw 12C,0,0,0,0,0,0,0
Cheraw 13A,0,0,0,0,0,0,0
Cheraw 13C,0,0,0,0,0,0,0
Cheraw 14A,0,0,0,0,0,0,0
Cheraw 14B,0,0,0,0,0,0,0
Cheraw 14C,0,0,0,0,0,0,0
Cheraw 15A,0,0,0,0,0,0,0
Cheraw 15B,0,0,0,0,0,0,0
Cheraw 16A,0,0,0,0,0,0,0
Cheraw 16B,0,0,0,0,0,0,0
Cheraw 16C,0,0,0,0,0,0,0
Cheraw 17A,0,0,0,0,0,0,0
Cheraw 17B,0,0,0,0,0,0,0
Cheraw 17C,0,0,0,0,0,0,0
Cheraw 18A,0,0,0,0,0,0,0
Cheraw 18B,0,0,0,0,0,0,0
Cheraw 18C,0,0,0,0,0,0,0
Cheraw 19A,0,0,0,0,0,0,0
Cheraw 19B,0,0,0,0,0,0,0
Cheraw 19C,0,0,0,0,0,0,0
Cheraw 1A,0,0,0,0,0,0,0
Cheraw 1C,0,0,0,0,0,0,0
Cheraw 20A,0,0,0,0,0,0,0
Cheraw 21A,0,0,0,0,0,0,0
Cheraw 21B,0,0,0,0,0,0,0
Cheraw 21C,0,0,0,0,0,0,0
Cheraw 22A,0,0,0,0,0,0,0
Cheraw 22B,0,0,0,0,0,0,0
Cheraw 22C,0,0,0,0,0,0,0
Cheraw 23A,0,0,0,0,0,0,0
Cheraw 23C,0,0,0,0,0,0,0
Cheraw 24A,0,0,0,0,0,0,0
Cheraw 24B,0,0,0,0,0,0,0
Cheraw 2A,0,0,0,0,0,0,0
Cheraw 2B,0,0,0,0,0,0,0
Cheraw 3A,0,0,0,0,0,0,0
Cheraw 3B,0,0,0,0,0,0,0
Cheraw 4A,0,0,0,0,0,0,0
Cheraw 4B,0,0,0,0,0,0,0
Cheraw 4C,0,0,0,0,0,0,0
Cheraw 5A,0,0,0,0,0,0,0
Cheraw 5B,0,0,0,0,0,0,0
Cheraw 5C,0,0,0,0,0,0,0
Cheraw 6B,0,0,0,0,0,0,0
Cheraw 6C,0,0,0,0,0,0,0
Cheraw 7A,0,0,0,0,0,0,0
Cheraw 7B,0,0,0,0,0,0,0
Cheraw 8A,0,0,0,0,0,0,0
Cheraw 8B,0,0,0,0,0,0,0
Cheraw 9A,0,0,0,0,0,0,0
Cheraw 9B,0,0,0,0,0,0,0
Fall Creek Falls 10A,0,0,0,0,0,0,0
Fall Creek Falls 11A,0,0,0,0,0,0,0
Fall Creek Falls 11B,0,0,0,0,0,0,0
Fall Creek Falls 11C,0,0,0,0,0,0,0
Fall Creek Falls 12A,0,0,0,0,0,0,0
Fall Creek Falls 12B,0,0,0,0,0,0,0
Fall Creek Falls 13A,0,1,0,0,0,0,0
Fall Creek Falls 13B,0,0,0,0,0,0,0
Fall Creek Falls 13C,0,0,0,0,0,0,0
Fall Creek Falls 14A,0,0,0,0,0,0,0
Fall Creek Falls 14B,0,0,0,0,0,0,0
Fall Creek Falls 14C,0,0,0,0,0,0,0
Fall Creek Falls 15A,1,0,0,0,0,0,0
Fall Creek Falls 15B,0,0,0,0,0,0,0
Fall Creek Falls 15C,0,0,0,0,0,0,0
Fall Creek Falls 16A,0,0,1,0,0,0,0
Fall Creek Falls 16B,0,0,0,0,0,0,0
Fall Creek Falls 17B,0,0,0,0,0,0,0
Fall Creek Falls 17C,0,0,0,0,0,0,0
Fall Creek Falls 18A,0,0,0,0,0,0,0
Fall Creek Falls 18B,0,0,0,0,0,0,0
Fall Creek Falls 19A,0,0,0,0,0,0,0
Fall Creek Falls 19B,0,0,0,0,0,0,0
Fall Creek Falls 19C,0,0,0,0,0,0,0
Fall Creek Falls 1C,0,0,0,0,0,0,0
Fall Creek Falls 20A,0,0,0,0,0,0,0
Fall Creek Falls 20C,0,0,0,0,0,0,0
Fall Creek Falls 21A,0,0,0,0,0,0,0
Fall Creek Falls 21B,0,0,0,0,0,0,0
Fall Creek Falls 21C,0,0,0,0,0,0,0
Fall Creek Falls 22A,0,0,0,0,0,0,0
Fall Creek Falls 22B,0,0,0,0,0,0,0
Fall Creek Falls 22C,0,0,0,0,0,0,0
Fall Creek Falls 23B,0,0,0,0,0,0,0
Fall Creek Falls 23C,0,0,0,0,0,0,0
Fall Creek Falls 24A,0,0,0,0,0,0,0
Fall Creek Falls 24B,0,0,0,0,0,0,0
Fall Creek Falls 24C,0,0,0,0,0,0,0
Fall Creek Falls 2A,0,0,0,0,0,0,0
Fall Creek Falls 3A,0,1,0,0,0,0,0
Fall Creek Falls 3C,0,0,0,0,0,0,0
Fall Creek Falls 4A,1,0,0,0,0,0,0
Fall Creek Falls 4B,0,0,0,0,0,0,0
Fall Creek Falls 4C,0,0,0,0,0,0,0
Fall Creek Falls 5A,0,0,0,0,0,0,0
Fall Creek Falls 5B,0,0,0,0,0,0,0
Fall Creek Falls 5C,0,0,0,0,0,0,0
Fall Creek Falls 6A,0,0,0,0,0,0,0
Fall Creek Falls 6B,0,0,0,0,0,0,0
Fall Creek Falls 6C,0,0,0,0,0,0,1
Fall Creek Falls 7A,0,0,0,0,0,0,0
Fall Creek Falls 7B,0,0,0,0,0,0,0
Fall Creek Falls 7C,0,0,0,0,0,0,0
Fall Creek Falls 8A,0,0,0,0,0,0,0
Fall Creek Falls 8B,0,0,0,0,0,0,0
Fall Creek Falls 8C,0,0,0,0,0,0,0
Fall Creek Falls 9A,0,0,0,0,0,0,0
Fall Creek Falls 9B,0,0,0,0,0,0,0
Fall Creek Falls 9C,0,0,0,0,0,0,0
Frozen Head Hunted 10B,0,0,0,0,0,0,0
Frozen Head Hunted 10C,0,0,0,0,0,0,0
Frozen Head Hunted 11B,0,0,0,0,0,0,0
Frozen Head Hunted 13A,0,0,0,0,0,0,0
Frozen Head Hunted 13B,0,0,0,0,0,0,0
Frozen Head Hunted 13C,0,0,0,0,0,0,0
Frozen Head Hunted 14A,1,0,0,0,0,1,0
Frozen Head Hunted 14B,0,0,0,0,0,0,0
Frozen Head Hunted 14C,0,0,0,0,0,0,0
Frozen Head Hunted 17A,0,0,0,0,0,0,0
Frozen Head Hunted 17B,0,0,0,0,0,0,0
Frozen Head Hunted 17C,0,0,0,0,0,0,0
Frozen Head Hunted 18A,0,0,0,0,0,0,0
Frozen Head Hunted 18B,0,0,0,0,0,0,0
Frozen Head Hunted 18C,0,0,0,0,0,0,0
Frozen Head Hunted 19A,0,0,0,0,0,0,0
Frozen Head Hunted 19B,0,0,0,0,0,0,0
Frozen Head Hunted 19C,0,0,0,0,0,0,0
Frozen Head Hunted 1A,0,0,0,0,0,0,0
Frozen Head Hunted 1B,0,0,0,0,0,0,0
Frozen Head Hunted 1C,0,0,0,0,0,0,0
Frozen Head Hunted 20A,0,0,0,0,0,0,0
Frozen Head Hunted 20B,0,0,0,0,0,0,0
Frozen Head Hunted 20C,1,0,0,0,1,0,0
Frozen Head Hunted 21B,0,0,0,0,0,0,0
Frozen Head Hunted 21C,0,0,1,0,0,0,0
Frozen Head Hunted 22B,0,0,0,0,0,0,0
Frozen Head Hunted 22C,0,0,0,0,0,0,0
Frozen Head Hunted 23A,0,0,0,0,0,0,0
Frozen Head Hunted 23B,0,0,0,0,0,0,0
Frozen Head Hunted 23C,0,0,0,0,0,0,0
Frozen Head Hunted 24B,0,0,0,0,0,0,0
Frozen Head Hunted 24C,0,0,0,0,0,0,0
Frozen Head Hunted 2A,0,0,0,0,0,0,0
Frozen Head Hunted 2B,0,0,0,0,0,0,0
Frozen Head Hunted 2C,0,0,0,0,0,0,0
Frozen Head Hunted 3B,0,0,0,0,0,0,0
Frozen Head Hunted 3C,0,0,0,0,0,0,0
Frozen Head Hunted 4B,0,0,0,0,0,0,0
Frozen Head Hunted 4C,0,0,0,1,0,1,0
Frozen Head Hunted 9B,0,0,0,0,0,0,0
Frozen Head Hunted 9C,0,0,0,0,0,0,0
Frozen Head Unhunted 10A,0,0,0,0,0,0,0
Frozen Head Unhunted 10B,0,0,0,0,0,0,0
Frozen Head Unhunted 10C,0,0,0,0,0,0,0
Frozen Head Unhunted 11A,0,0,0,0,0,0,0
Frozen Head Unhunted 11B,0,0,0,0,0,0,0
Frozen Head Unhunted 11C,0,0,0,0,0,0,0
Frozen Head Unhunted 12A,0,0,0,0,0,0,0
Frozen Head Unhunted 12B,1,0,0,0,1,0,0
Frozen Head Unhunted 12C,0,0,0,0,0,0,0
Frozen Head Unhunted 13A,0,0,0,0,0,0,0
Frozen Head Unhunted 13B,0,0,0,0,0,0,0
Frozen Head Unhunted 13C,0,0,0,0,0,0,0
Frozen Head Unhunted 14A,0,0,0,0,0,0,0
Frozen Head Unhunted 14B,1,0,0,0,0,0,0
Frozen Head Unhunted 14C,0,0,0,0,0,0,0
Frozen Head Unhunted 15A,0,0,0,0,0,0,0
Frozen Head Unhunted 15B,0,0,0,0,0,1,1
Frozen Head Unhunted 15C,0,0,0,0,0,0,0
Frozen Head Unhunted 16A,0,0,0,0,0,0,0
Frozen Head Unhunted 16B,0,0,0,0,0,0,1
Frozen Head Unhunted 16C,0,0,0,0,0,0,0
Frozen Head Unhunted 17A,0,0,0,0,0,0,0
Frozen Head Unhunted 17B,0,0,0,0,0,0,0
Frozen Head Unhunted 17C,0,0,0,0,0,0,0
Frozen Head Unhunted 19B,0,0,0,0,0,0,0
Frozen Head Unhunted 19C,0,0,0,0,0,0,0
Frozen Head Unhunted 1B,0,0,0,0,0,0,0
Frozen Head Unhunted 20A,0,0,0,1,0,0,0
Frozen Head Unhunted 20B,0,0,0,0,0,0,0
Frozen Head Unhunted 20C,0,0,0,0,0,0,0
Frozen Head Unhunted 21A,0,0,0,0,0,0,0
Frozen Head Unhunted 21B,0,0,0,0,0,0,0
Frozen Head Unhunted 21C,0,0,0,0,0,0,0
Frozen Head Unhunted 22A,1,0,0,0,0,0,0
Frozen Head Unhunted 22B,0,0,0,1,0,0,0
Frozen Head Unhunted 22C,0,0,1,0,0,0,0
Frozen Head Unhunted 23A,0,0,0,0,0,0,0
Frozen Head Unhunted 23C,0,0,0,0,0,0,0
Frozen Head Unhunted 24A,0,0,0,0,0,0,0
Frozen Head Unhunted 24B,0,0,0,0,0,0,0
Frozen Head Unhunted 24C,0,0,0,0,0,0,0
Frozen Head Unhunted 2B,0,0,0,0,0,0,0
Frozen Head Unhunted 3A,0,0,0,0,0,0,1
Frozen Head Unhunted 3B,0,0,0,0,0,0,0
Frozen Head Unhunted 4A,0,0,0,0,0,0,0
Frozen Head Unhunted 4B,0,0,0,0,0,0,0
Frozen Head Unhunted 5A,0,0,0,0,1,0,0
Frozen Head Unhunted 5B,0,0,0,0,0,0,0
Frozen Head Unhunted 5C,0,0,0,0,0,0,0
Frozen Head Unhunted 6A,1,0,0,1,1,0,0
Frozen Head Unhunted 6B,0,0,0,0,0,0,0
Frozen Head Unhunted 6C,0,0,0,0,0,0,1
Frozen Head Unhunted 7A,0,0,0,0,0,0,0
Frozen Head Unhunted 7B,0,0,0,0,0,0,0
Frozen Head Unhunted 7C,0,0,0,0,0,0,0
Frozen Head Unhunted 8A,0,0,0,1,0,0,0
Frozen Head Unhunted 8C,0,0,0,0,0,0,0
Frozen Head Unhunted 9A,0,1,0,0,1,0,0
Frozen Head Unhunted 9B,0,0,0,0,0,0,0
Frozen Head Unhunted 9C,0,0,0,0,0,1,0
Gambrill 10A,0,0,0,0,0,0,0
Gambrill 10B,0,0,0,0,0,0,0
Gambrill 10C,0,0,0,0,0,0,0
Gambrill 1A,0,0,0,0,0,0,0
Gambrill 1C,0,0,0,0,0,0,0
Gambrill 2A,0,0,0,0,0,0,0
Gambrill 2C,0,0,0,0,0,0,0
Gambrill 3B,0,0,0,0,0,0,0
Gambrill 4A,0,0,0,0,0,0,0
Gambrill 4B,0,0,0,0,0,0,0
Gambrill 4C,0,0,0,0,0,0,0
Gambrill 5A,0,0,0,0,0,0,0
Gambrill 5B,0,0,0,0,0,0,0
Gambrill 5C,0,0,0,0,0,0,0
Gambrill 6A,0,0,0,0,0,0,0
Gambrill 6B,0,0,0,0,0,0,0
Gambrill 6C,0,0,0,0,0,0,0
Gambrill 7A,0,0,0,0,0,0,0
Gambrill 7B,0,0,0,0,0,0,0
Gambrill 7C,0,0,0,0,0,0,0
Gambrill 8A,0,0,0,0,0,0,0
Gambrill 8B,0,0,0,0,0,0,0
Gambrill 8C,0,0,0,0,0,0,0
Gambrill 9A,0,0,0,0,0,0,0
Gambrill 9B,0,0,0,0,0,0,0
Gambrill 9C,0,0,0,0,0,0,0
George Washington NF 10C,0,0,0,0,0,0,0
George Washington NF 12A,0,0,0,0,0,1,0
George Washington NF 12B,0,0,0,0,0,0,0
George Washington NF 13A,0,0,0,0,0,0,0
George Washington NF 13B,0,0,0,0,0,0,0
George Washington NF 13C,0,0,0,0,0,0,0
George Washington NF 14A,0,1,0,0,0,1,1
George Washington NF 14B,0,0,0,0,0,0,0
George Washington NF 14C,0,0,0,0,0,0,1
George Washington NF 15A,1,0,1,0,0,0,0
George Washington NF 15B,0,0,1,0,0,0,0
George Washington NF 15C,0,0,0,0,0,0,0
George Washington NF 16A,0,0,1,1,0,0,0
George Washington NF 16C,0,0,0,0,0,0,0
George Washington NF 18A,1,1,0,0,0,0,0
George Washington NF 18B,0,0,0,0,0,0,0
George Washington NF 19A,0,0,0,0,0,1,0
George Washington NF 19B,0,0,0,0,0,0,0
George Washington NF 19C,0,0,0,0,0,0,0
George Washington NF 1A,0,0,0,0,0,0,0
George Washington NF 1B,0,0,0,0,0,0,0
George Washington NF 1C,0,0,0,0,0,0,0
George Washington NF 20A,0,0,0,0,0,0,0
George Washington NF 20B,0,0,0,0,0,0,0
George Washington NF 20C,0,0,0,0,0,0,0
George Washington NF 21A,0,0,0,0,0,0,0
George Washington NF 21B,0,0,0,0,0,0,0
George Washington NF 21C,0,0,0,0,0,0,0
George Washington NF 30A,0,1,0,0,0,0,0
George Washington NF 30B,0,0,0,0,0,0,0
George Washington NF 30C,0,0,0,0,0,0,0
George Washington NF 31A,0,0,0,0,0,0,0
George Washington NF 31B,0,0,0,0,0,0,0
George Washington NF 31C,0,1,0,0,0,0,0
George Washington NF 32A,0,0,0,0,1,0,0
George Washington NF 32B,0,0,0,0,0,0,0
George Washington NF 32C,0,0,0,0,0,0,0
George Washington NF 3A,0,0,0,0,0,0,0
George Washington NF 3B,0,0,0,0,0,0,0
George Washington NF 3C,0,0,0,0,0,0,0
George Washington NF 4A,1,0,0,0,0,0,0
George Washington NF 4B,0,0,0,0,0,0,0
George Washington NF 4C,0,0,0,0,0,0,0
George Washington NF 5A,0,1,0,0,0,0,0
George Washington NF 5B,0,0,0,0,0,0,0
George Washington NF 5C,0,0,0,0,0,0,0
George Washington NF 7A,0,0,0,0,0,0,0
George Washington NF 7B,1,0,0,0,0,0,0
George Washington NF 7C,0,0,0,0,0,0,0
George Washington NF 8A,0,0,0,0,0,0,0
George Washington NF 9A,0,0,0,0,0,0,0
George Washington NF 9B,0,0,0,0,0,0,0
George Washington NF 9C,0,0,0,0,0,0,0
Greenbelt Park 10A,0,0,0,0,0,0,0
Greenbelt Park 10B,0,0,0,0,0,0,0
Greenbelt Park 10C,0,0,0,0,0,0,0
Greenbelt Park 14A,0,0,0,0,0,0,0
Greenbelt Park 14B,0,0,0,0,0,0,0
Greenbelt Park 14C,0,0,0,0,0,0,0
Greenbelt Park 22B,0,0,0,0,0,0,0
Greenbelt Park 22C,0,0,0,0,0,0,0
Greenbelt Park 23A,0,0,0,0,0,0,0
Greenbelt Park 23B,0,0,0,0,0,0,0
Greenbelt Park 23C,0,0,0,0,0,0,0
Greenbelt Park 26B,0,0,0,0,0,0,0
Greenbelt Park 26C,0,0,0,0,0,0,0
Greenbelt Park 27B,0,0,0,0,0,0,0
Greenbelt Park 27C,0,0,0,0,0,0,0
Greenbelt Park 28A,0,0,0,0,0,0,0
Greenbelt Park 28B,0,0,0,0,0,0,0
Greenbelt Park 28C,0,0,0,0,0,0,0
Greenbelt Park 29A,0,0,0,0,0,0,0
Greenbelt Park 29B,0,0,0,0,0,0,0
Greenbelt Park 29C,0,0,0,0,0,0,0
Greenbelt Park 3A,0,0,0,0,0,0,0
Greenbelt Park 3B,0,0,0,0,0,0,0
Greenbelt Park 3C,0,0,0,0,0,0,0
Greenbelt Park 4A,0,0,0,0,0,0,0
Greenbelt Park 4B,0,0,0,0,0,0,0
Greenbelt Park 4C,0,0,0,0,0,0,0
Greenbelt Park 5A,0,0,0,0,0,0,0
Greenbelt Park 5B,0,0,0,0,0,0,0
Greenbelt Park 5C,0,0,0,0,0,0,0
Greenbelt Park 6B,0,0,0,0,0,0,0
Greenbelt Park 6C,0,0,0,0,0,0,0
Greenbelt Park 7A,0,0,0,0,0,0,0
Greenbelt Park 7B,0,0,0,0,0,0,0
Greenbelt Park 7C,0,0,0,0,0,0,0
Greenbelt Park 8B,0,0,0,0,0,0,0
Greenbelt Park 8C,0,0,0,0,0,0,0
Greenbelt Park 9A,0,0,0,0,0,0,0
Greenbelt Park 9B,0,0,0,0,0,0,0
Greenbelt Park 9C,0,0,0,0,0,0,0
Harpers Ferry NHP 10A,0,0,0,0,0,0,0
Harpers Ferry NHP 10B,0,0,0,0,0,0,0
Harpers Ferry NHP 10C,0,0,0,0,0,0,0
Harpers Ferry NHP 11A,0,0,0,0,0,0,0
Harpers Ferry NHP 11B,0,0,0,0,0,0,0
Harpers Ferry NHP 11C,0,0,0,0,0,0,0
Harpers Ferry NHP 12A,0,0,0,0,0,0,0
Harpers Ferry NHP 12B,0,0,0,0,0,0,0
Harpers Ferry NHP 12C,0,0,0,0,0,0,0
Harpers Ferry NHP 13A,0,0,0,0,0,0,0
Harpers Ferry NHP 13B,0,0,0,0,0,0,0
Harpers Ferry NHP 13C,0,0,0,0,0,0,0
Harpers Ferry NHP 1A,0,0,0,0,0,0,0
Harpers Ferry NHP 1B,0,0,0,0,0,0,0
Harpers Ferry NHP 1C,0,0,0,0,0,0,0
Harpers Ferry NHP 2B,0,0,0,0,0,0,0
Harpers Ferry NHP 2C,0,0,0,0,0,0,0
Harpers Ferry NHP 3A,0,0,1,0,0,0,0
Harpers Ferry NHP 3C,0,0,0,0,0,0,0
Harpers Ferry NHP 4A,0,0,0,0,0,0,0
Harpers Ferry NHP 4B,0,0,0,0,0,0,0
Harpers Ferry NHP 4C,0,0,0,0,0,0,0
Harpers Ferry NHP 5A,0,0,0,0,0,0,0
Harpers Ferry NHP 5B,0,0,0,0,0,0,0
Harpers Ferry NHP 5C,0,0,0,0,0,0,0
Harpers Ferry NHP 6A,0,0,0,0,0,0,0
Harpers Ferry NHP 6B,0,0,0,0,0,0,0
Harpers Ferry NHP 6C,0,0,0,0,0,0,0
Harpers Ferry NHP 7C,1,0,0,0,1,0,0
Harpers Ferry NHP 8A,0,0,0,0,0,0,0
Harpers Ferry NHP 8B,0,0,0,0,0,0,0
Harpers Ferry NHP 8C,0,0,0,0,0,0,0
Harpers Ferry NHP 9A,0,0,0,0,0,0,0
Harpers Ferry NHP 9B,0,0,0,0,0,0,0
Harpers Ferry NHP 9C,0,0,0,0,0,0,0
Jefferson 17A,0,0,0,0,0,0,0
Jefferson 17B,0,0,0,0,0,0,0
Jefferson 17C,0,0,0,0,0,0,0
Jefferson 18B,0,0,0,0,0,0,0
Jefferson 18C,0,0,0,0,0,0,0
Jefferson 19B,0,0,0,0,0,0,0
Jefferson 19C,0,0,0,0,0,0,0
Jefferson 20B,0,0,0,0,0,0,0
Jefferson 20C,0,0,0,0,0,0,0
Jefferson 21A,0,0,0,0,0,0,0
Jefferson 21B,0,0,0,0,0,0,0
Jefferson 22A,0,0,0,0,0,0,0
Jefferson 22B,0,0,0,0,0,0,0
Jefferson 22C,0,0,0,0,0,0,0
Jefferson 23A,0,0,0,0,0,0,0
Jefferson 23B,0,0,0,0,0,0,0
Jefferson 23C,0,0,0,0,0,0,0
Jefferson 24A,0,0,1,0,0,0,0
Jefferson 24B,0,0,0,0,0,0,0
Jefferson 25A,0,0,0,0,0,0,0
Jefferson 25B,0,0,0,0,0,0,0
Jefferson 25C,0,0,0,0,0,0,1
Jefferson 26A,0,0,0,0,0,1,0
Jefferson 26C,0,0,0,0,0,0,0
Jefferson 27A,0,0,0,0,0,0,0
Jefferson 27B,0,0,0,0,0,0,0
Jefferson 27C,0,0,0,0,0,0,0
Jefferson 28A,0,0,0,0,0,0,0
Jefferson 28B,0,0,0,0,0,0,0
Jefferson 28C,0,0,0,0,0,0,0
Jefferson 30A,0,0,0,0,0,0,0
Jefferson 30B,0,0,0,0,0,0,0
Jefferson 31A,0,0,0,0,0,0,0
Jefferson 31B,0,0,0,0,0,0,0
Jefferson 31C,0,0,0,0,0,0,0
Jefferson 32A,0,0,0,0,0,0,0
Jefferson 34A,0,0,0,0,0,0,0
Jefferson 34B,0,0,0,0,0,0,0
Jefferson 34C,0,0,0,0,0,0,0
Jefferson 37A,0,0,0,0,0,0,0
Jefferson 38A,0,0,0,0,0,0,0
Jefferson 38B,0,0,0,0,0,0,0
Jefferson 4A,0,0,0,0,0,0,0
Jefferson 4B,0,1,0,0,0,0,0
Jefferson 4C,0,0,0,0,0,0,0
Jefferson 5A,1,1,0,0,0,0,0
Jefferson 5B,0,0,0,0,0,0,0
Jefferson 5C,0,0,0,0,0,0,0
Jefferson 6A,0,0,0,1,1,0,0
Jefferson 6B,0,0,0,0,0,0,0
Jefferson 6C,0,0,0,0,0,0,0
Jefferson 7A,0,1,0,0,0,0,0
Jefferson 7B,0,0,0,0,0,0,0
Jefferson 7C,0,0,0,0,0,0,0
Jefferson 8A,0,1,1,1,0,0,1
Jefferson 8B,0,0,0,0,0,1,0
Lone Mountain 10A,0,0,0,0,0,0,0
Lone Mountain 10B,0,0,0,0,0,0,0
Lone Mountain 10C,0,0,0,0,0,0,0
Lone Mountain 11A,0,0,0,0,0,0,0
Lone Mountain 11B,0,0,0,0,0,0,0
Lone Mountain 12B,0,0,0,0,0,0,0
Lone Mountain 12C,0,0,0,0,0,0,0
Lone Mountain 13A,1,0,0,1,0,0,0
Lone Mountain 14A,0,0,0,0,0,0,0
Lone Mountain 14C,0,0,0,0,0,0,0
Lone Mountain 16A,0,0,0,0,0,0,0
Lone Mountain 16B,0,0,0,0,0,0,0
Lone Mountain 17A,0,1,0,0,0,0,0
Lone Mountain 17B,0,0,0,0,0,0,0
Lone Mountain 18A,0,0,0,0,0,0,0
Lone Mountain 18B,0,0,0,0,0,1,0
Lone Mountain 18C,0,0,0,0,0,0,0
Lone Mountain 19A,0,0,0,0,0,0,0
Lone Mountain 19C,0,0,0,0,0,0,0
Lone Mountain 1A,0,0,0,0,0,0,0
Lone Mountain 20A,0,0,0,0,0,0,0
Lone Mountain 21A,0,0,0,0,0,0,0
Lone Mountain 21C,0,0,0,0,0,0,0
Lone Mountain 22A,0,0,0,0,0,0,0
Lone Mountain 22B,0,0,0,0,0,0,0
Lone Mountain 22C,0,0,0,0,0,0,0
Lone Mountain 23B,0,0,0,0,0,0,0
Lone Mountain 24A,0,0,0,0,0,0,0
Lone Mountain 24C,0,0,0,0,0,0,0
Lone Mountain 2A,1,0,0,0,0,0,0
Lone Mountain 3A,0,0,0,0,0,0,0
Lone Mountain 3B,0,0,0,0,0,0,0
Lone Mountain 3C,0,0,0,0,0,0,0
Lone Mountain 4A,0,0,0,0,0,0,0
Lone Mountain 4B,0,0,0,0,0,0,0
Lone Mountain 4C,0,0,0,0,0,0,0
Lone Mountain 5A,0,0,0,0,0,0,0
Lone Mountain 5B,0,0,0,0,0,0,0
Lone Mountain 5C,0,0,0,0,0,0,0
Lone Mountain 7A,0,0,0,0,1,1,0
Lone Mountain 7B,0,0,0,0,0,0,0
Lone Mountain 7C,0,0,0,0,0,0,0
Lone Mountain 8B,0,0,0,0,0,0,0
Lone Mountain 9A,0,0,0,0,0,0,0
Lone Mountain 9B,0,0,0,0,0,0,0
Lone Mountain 9C,0,0,0,0,0,0,0
Mason Neck 11A,0,0,0,0,0,0,0
Mason Neck 11B,0,0,0,0,0,0,0
Mason Neck 11C,0,0,0,0,0,0,0
Mason Neck 12A,0,0,0,0,0,0,0
Mason Neck 12B,0,0,0,0,0,0,0
Mason Neck 12C,0,0,0,0,0,0,0
Mason Neck 13A,0,0,0,0,0,0,0
Mason Neck 13B,0,0,0,0,0,0,0
Mason Neck 13C,0,0,0,0,0,0,0
Mason Neck 15A,0,0,0,0,0,0,0
Mason Neck 15B,0,0,0,0,0,0,0
Mason Neck 15C,0,0,0,0,0,0,0
Mason Neck 16A,0,0,0,0,0,0,0
Mason Neck 16B,0,0,0,0,0,0,0
Mason Neck 16C,0,0,0,0,0,0,0
Mason Neck 20A,0,0,0,0,0,0,0
Mason Neck 20B,0,0,0,0,0,0,0
Mason Neck 20C,0,0,0,0,0,0,0
Mason Neck 21B,0,0,0,0,0,0,0
Mason Neck 21C,0,0,0,0,0,0,0
Mason Neck 24A,0,0,0,0,0,0,0
Mason Neck 24B,0,0,0,0,0,0,0
Mason Neck 24C,0,0,0,0,0,0,0
Mason Neck 25A,0,0,0,0,0,0,0
Mason Neck 25B,0,0,0,0,0,0,0
Mason Neck 25C,0,0,0,0,0,0,0
Mason Neck 26A,0,0,0,0,0,0,0
Mason Neck 26B,0,0,0,0,0,0,0
Mason Neck 26C,0,0,0,0,0,0,0
Mason Neck 27A,0,0,0,0,0,0,0
Mason Neck 27B,0,0,0,0,0,0,0
Mason Neck 28A,0,0,0,0,0,0,0
Mason Neck 28B,0,0,0,0,0,0,0
Mason Neck 28C,0,0,0,0,0,0,0
Mason Neck 29A,0,0,0,0,0,0,0
Mason Neck 29B,0,0,0,0,0,0,0
Mason Neck 29C,0,0,0,0,0,0,0
Mason Neck 30A,0,0,0,0,0,0,0
Mason Neck 30B,0,0,0,0,0,0,0
Mason Neck 30C,0,0,0,0,0,0,0
Mason Neck 31A,0,0,0,0,0,0,0
Mason Neck 31B,0,0,0,0,0,0,0
Mason Neck 31C,0,0,0,0,0,0,0
Mason Neck 32A,0,0,0,0,0,0,0
Mason Neck 32B,0,0,0,0,0,0,0
Mason Neck 32C,0,0,0,0,0,0,0
Mason Neck 40A,0,0,0,0,0,0,0
Mason Neck 40B,0,0,0,0,0,0,0
Mason Neck 40C,0,0,0,0,0,0,0
Mason Neck 42A,0,0,0,0,0,0,0
Mason Neck 42B,0,0,0,0,0,0,0
Mason Neck 42C,0,0,0,0,0,0,0
Mason Neck 45A,0,0,0,0,0,0,0
Mason Neck 45B,0,0,0,0,0,0,0
Mason Neck 45C,0,0,0,0,0,0,0
Mason Neck 46A,0,0,0,0,0,0,0
Mason Neck 46B,0,0,0,0,0,0,0
Mason Neck 46C,0,0,0,0,0,0,0
Mason Neck 4A,0,0,0,0,0,0,0
Mason Neck 4B,0,0,0,0,0,0,0
Mason Neck 4C,0,0,0,0,0,0,0
Mason Neck 5A,0,0,0,0,0,0,0
Mason Neck 5B,0,0,0,0,0,0,0
Mason Neck 5C,0,0,0,0,0,0,0
Mason Neck 6A,0,0,0,0,0,0,0
Mason Neck 6B,0,0,0,0,0,0,0
Mason Neck 6C,0,0,0,0,0,0,0
Mason Neck 8A,0,0,0,0,0,0,0
Mason Neck 8B,0,0,0,0,0,0,0
Mason Neck 8C,0,0,0,0,0,0,0
Mason Neck 9A,0,0,0,0,0,0,0
Mason Neck 9B,0,0,0,0,0,0,0
Mason Neck 9C,0,0,0,0,0,0,0
Morrow Mountain 10B,0,0,0,0,0,0,0
Morrow Mountain 10C,0,0,0,0,0,0,0
Morrow Mountain 11A,0,0,0,0,0,0,0
Morrow Mountain 11B,0,0,0,0,0,0,0
Morrow Mountain 11C,0,0,0,0,0,0,0
Morrow Mountain 12A,0,0,0,0,0,0,0
Morrow Mountain 12B,0,0,0,0,0,0,0
Morrow Mountain 12C,0,0,0,0,0,0,0
Morrow Mountain 13A,0,0,0,0,0,0,0
Morrow Mountain 13B,0,0,0,0,0,0,0
Morrow Mountain 13C,0,0,0,0,0,0,0
Morrow Mountain 14A,0,0,0,0,0,0,0
Morrow Mountain 14B,0,0,0,0,0,0,0
Morrow Mountain 14C,0,0,0,0,0,0,0
Morrow Mountain 15A,0,0,0,0,0,0,0
Morrow Mountain 15B,0,0,0,0,0,0,0
Morrow Mountain 16A,0,0,0,0,0,0,0
Morrow Mountain 16B,0,0,0,0,0,0,0
Morrow Mountain 16C,0,0,0,0,0,0,0
Morrow Mountain 17A,0,0,0,0,0,0,0
Morrow Mountain 17B,0,0,0,0,0,0,0
Morrow Mountain 17C,0,0,0,0,0,0,0
Morrow Mountain 18A,0,0,0,0,0,0,0
Morrow Mountain 18B,0,0,0,0,0,0,0
Morrow Mountain 18C,0,0,0,0,0,0,0
Morrow Mountain 19A,0,0,0,0,0,0,0
Morrow Mountain 19B,0,0,0,0,0,0,0
Morrow Mountain 1A,0,0,0,0,0,0,0
Morrow Mountain 1B,0,0,0,0,0,0,0
Morrow Mountain 20A,0,0,0,0,0,0,0
Morrow Mountain 20B,0,0,0,0,0,0,0
Morrow Mountain 20C,0,0,0,0,0,0,0
Morrow Mountain 21A,0,0,0,0,0,0,0
Morrow Mountain 21B,0,0,0,0,0,0,0
Morrow Mountain 21C,0,0,0,0,0,0,0
Morrow Mountain 22A,0,0,0,0,0,0,0
Morrow Mountain 22B,0,0,0,0,0,0,0
Morrow Mountain 22C,0,0,0,0,0,0,0
Morrow Mountain 23C,0,0,0,0,0,0,0
Morrow Mountain 24A,0,0,0,0,0,0,0
Morrow Mountain 24B,0,0,0,0,0,0,0
Morrow Mountain 2A,0,0,0,0,0,0,0
Morrow Mountain 2B,0,0,0,0,0,0,0
Morrow Mountain 2C,0,0,0,0,0,0,0
Morrow Mountain 3A,0,0,0,0,0,0,0
Morrow Mountain 3C,0,0,0,0,0,0,0
Morrow Mountain 4A,0,0,0,0,0,0,0
Morrow Mountain 4C,0,0,0,0,0,0,0
morrow mountain 5A,0,0,0,0,0,0,0
Morrow Mountain 5B,0,0,0,0,0,0,0
Morrow Mountain 5C,0,0,0,0,0,0,0
Morrow Mountain 6B,0,0,0,0,0,0,0
Morrow Mountain 6C,0,0,0,0,0,0,0
Morrow Mountain 7A,0,0,0,0,0,0,0
Morrow Mountain 7B,0,0,0,0,0,0,0
Morrow Mountain 7C,0,0,0,0,0,0,0
Morrow Mountain 8A,0,0,0,0,0,0,0
Morrow Mountain 8B,0,0,0,0,0,0,0
Morrow Mountain 8C,0,0,0,0,0,0,0
Morrow Mountain 9A,0,0,0,0,0,0,0
Morrow Mountain 9B,0,0,0,0,0,0,0
Morrow Mountain 9C,0,0,0,0,0,0,0
Prince William FP 13A,0,0,0,0,0,0,0
Prince William FP 13B,0,0,0,0,0,0,0
Prince William FP 13C,0,0,0,0,0,0,0
Prince William FP 14A,0,0,0,0,0,0,0
Prince William FP 14B,0,0,0,0,0,0,0
Prince William FP 14C,0,0,0,0,0,0,0
Prince William FP 15A,0,0,0,0,0,0,0
Prince William FP 15B,0,0,0,0,0,0,0
Prince William FP 15C,0,0,0,0,0,0,0
Prince William FP 17A,0,0,0,0,0,0,0
Prince William FP 17B,0,0,0,0,0,0,0
Prince William FP 17C,0,0,0,0,0,0,0
Prince William FP 18A,0,0,0,0,0,0,0
Prince William FP 18B,0,0,0,0,0,0,0
Prince William FP 18C,0,0,0,0,0,0,0
Prince William FP 19A,0,0,0,0,0,0,0
Prince William FP 19B,0,0,0,0,0,0,0
Prince William FP 19C,0,0,0,0,0,0,0
Prince William FP 20A,0,0,0,0,0,0,0
Prince William FP 20B,0,0,0,0,0,0,0
Prince William FP 20C,0,0,0,0,0,0,0
Prince William FP 21A,0,0,0,0,0,0,0
Prince William FP 21B,0,0,0,0,0,0,0
Prince William FP 21C,0,0,0,0,0,0,0
Prince William FP 22A,0,0,0,0,0,0,0
Prince William FP 22B,0,0,0,0,0,0,0
Prince William FP 22C,0,0,0,0,0,0,0
Prince William FP 23A,0,1,0,0,0,1,0
Prince William FP 23B,0,0,0,0,0,0,0
Prince William FP 23C,0,0,0,0,0,0,0
Prince William FP 28A,0,0,0,0,0,0,0
Prince William FP 28B,0,0,0,0,0,0,0
Prince William FP 28C,0,0,0,0,0,0,0
Prince William FP 29A,0,0,0,0,0,0,0
Prince William FP 29B,0,0,0,0,0,0,0
Prince William FP 29C,0,0,0,0,0,0,0
Prince William FP 30A,0,0,0,0,0,0,0
Prince William FP 30B,0,0,0,0,0,0,0
Prince William FP 30C,0,0,0,0,0,0,0
Prince William FP 32A,0,0,0,0,0,0,0
Prince William FP 32B,0,0,0,0,0,0,0
Prince William FP 32C,0,0,0,0,0,0,0
Prince William FP 34A,0,0,0,0,0,0,0
Prince William FP 34B,0,0,0,0,0,0,0
Prince William FP 34C,0,0,0,0,0,0,0
Prince William FP 36A,0,0,0,0,0,0,0
Prince William FP 36B,0,0,0,0,0,0,0
Prince William FP 36C,0,0,0,0,0,0,0
Prince William FP 37A,0,0,0,0,0,0,0
Prince William FP 37B,0,0,0,0,0,0,0
Prince William FP 37C,0,0,0,0,0,0,0
Prince William FP 38A,0,0,0,0,0,0,0
Prince William FP 38B,0,0,0,0,0,0,0
Prince William FP 38C,0,0,0,0,0,0,0
Prince William FP 39A,0,0,0,0,0,0,0
Prince William FP 39B,0,0,0,0,0,0,0
Prince William FP 39C,0,0,0,0,0,0,0
Prince William FP 41A,0,0,0,0,0,0,0
Prince William FP 41B,0,0,0,0,0,0,0
Prince William FP 41C,0,0,0,0,0,0,0
Prince William FP 43A,0,0,0,0,0,0,0
Prince William FP 43B,0,0,0,0,0,0,0
Prince William FP 43C,0,0,0,0,0,0,0
Prince William FP 45A,0,0,0,0,0,0,0
Prince William FP 45B,0,0,0,0,0,0,0
Prince William FP 45C,0,0,0,0,0,0,0
Prince William FP 48A,0,0,0,0,0,0,0
Prince William FP 48B,0,0,0,0,0,0,0
Prince William FP 48C,0,0,0,0,0,0,0
Prince William FP 51A,0,0,0,0,0,0,0
Prince William FP 51B,0,0,0,0,0,0,0
Prince William FP 51C,0,0,0,0,0,0,0
Prince William FP 54B,0,0,0,0,0,0,0
Prince William FP 54C,0,0,0,0,0,0,0
Prince William FP 57A,0,0,0,0,0,0,0
Prince William FP 57B,0,0,0,0,0,0,0
Prince William FP 57C,0,0,0,0,0,0,0
Prince William FP 59A,0,0,0,0,0,0,0
Prince William FP 59B,0,0,0,0,0,0,0
Prince William FP 59C,0,0,0,0,0,0,0
Rock Creek Park 10B,0,0,0,0,0,0,0
Rock Creek Park 10B-2,0,0,0,0,0,0,0
Rock Creek Park 10C,0,0,0,0,0,0,0
Rock Creek Park 10C-2,0,0,0,0,0,0,0
Rock Creek Park 11A,0,0,0,0,0,0,0
Rock Creek Park 11A-2,0,0,0,0,0,0,0
Rock Creek Park 11B,0,0,0,0,0,0,0
Rock Creek Park 11B-2,0,0,0,0,0,0,0
Rock Creek Park 11C,0,0,0,0,0,0,0
Rock Creek Park 11C-2,0,0,0,0,0,0,0
Rock Creek Park 12B,0,0,0,0,0,0,0
Rock Creek Park 12B-2,0,0,0,0,0,0,0
Rock Creek Park 12C,0,0,0,0,0,0,0
Rock Creek Park 12C-2,0,0,0,0,0,0,0
Rock Creek Park 13A,0,0,0,0,0,0,0
Rock Creek Park 13A-2,0,0,0,0,0,0,0
Rock Creek Park 13B,0,0,0,0,0,0,0
Rock Creek Park 13B-2,0,0,0,0,0,0,0
Rock Creek Park 13C,0,0,0,0,0,0,0
Rock Creek Park 14A,0,0,0,0,0,0,0
Rock Creek Park 14B,0,0,0,0,0,0,0
Rock Creek Park 14C,0,0,0,0,0,0,0
Rock Creek Park 15A,0,0,0,0,0,0,0
Rock Creek Park 15A-2,0,0,0,0,0,0,0
Rock Creek Park 15B,0,0,0,0,0,0,0
Rock Creek Park 15B-2,0,0,0,0,0,0,0
Rock Creek Park 15C,0,0,0,0,0,0,0
Rock Creek Park 15C-2,0,0,0,0,0,0,0
Rock Creek Park 16A,0,0,0,0,0,0,0
Rock Creek Park 16A-2,0,0,0,0,0,0,0
Rock Creek Park 16B,0,0,0,0,0,0,0
Rock Creek Park 16B-2,0,0,0,0,0,0,0
Rock Creek Park 16C,0,0,0,0,0,0,0
Rock Creek Park 16C-2,0,0,0,0,0,0,0
Rock Creek Park 17A,0,0,0,0,0,0,0
Rock Creek Park 17B,0,0,0,0,0,0,0
Rock Creek Park 17B-2,0,0,0,0,0,0,0
Rock Creek Park 17C,0,0,0,0,0,0,0
Rock Creek Park 17C-2,0,0,0,0,0,0,0
Rock Creek Park 19A,0,0,0,0,0,0,0
Rock Creek Park 19B,0,0,0,0,0,0,0
Rock Creek Park 19B-2,0,0,0,0,0,0,0
Rock Creek Park 19C,0,0,0,0,0,0,0
Rock Creek Park 1B,0,0,0,0,0,0,0
Rock Creek Park 1B-2,0,0,0,0,0,0,0
Rock Creek Park 1C,0,0,0,0,0,0,0
Rock Creek Park 1C-2,0,0,0,0,0,0,0
Rock Creek Park 20A,0,0,0,0,0,0,0
Rock Creek Park 20A-2,0,0,0,0,0,0,0
Rock Creek Park 20B,0,0,0,0,0,0,0
Rock Creek Park 20C,0,0,0,0,0,0,0
Rock Creek Park 21A-2,0,0,0,0,0,0,0
Rock Creek Park 21B,0,0,0,0,0,0,0
Rock Creek Park 21B-2,0,0,0,0,0,0,0
Rock Creek Park 21C,0,0,0,0,0,0,0
Rock Creek Park 21C-2,0,0,0,0,0,0,0
Rock Creek Park 22A,0,0,0,0,0,0,0
Rock Creek Park 22A-2,0,0,0,0,0,0,0
Rock Creek Park 22B,0,0,0,0,0,0,0
Rock Creek Park 22B-2,0,0,0,0,0,0,0
Rock Creek Park 22C,0,0,0,0,0,0,0
Rock Creek Park 23B,0,0,0,0,0,0,0
Rock Creek Park 23C,0,0,0,0,0,0,0
Rock Creek Park 24A,0,0,0,0,0,0,0
Rock Creek Park 24A-2,0,0,0,0,0,0,0
Rock Creek Park 24B,0,0,0,0,0,0,0
Rock Creek Park 24B-2,0,0,0,0,0,0,0
Rock Creek Park 24C,0,0,0,0,0,0,0
Rock Creek Park 24C-2,0,0,0,0,0,0,0
Rock Creek Park 26A,0,0,0,0,0,0,0
Rock Creek Park 26A-2,0,0,0,0,0,0,0
Rock Creek Park 26B,0,0,0,0,0,0,0
Rock Creek Park 26B-2,0,0,0,0,0,0,0
Rock Creek Park 26C-2,0,0,0,0,0,0,0
Rock Creek Park 27A-2,0,0,0,0,0,0,0
Rock Creek Park 27B,0,0,0,0,0,0,0
Rock Creek Park 27B-2,0,0,0,0,0,0,0
Rock Creek Park 27C,0,0,0,0,0,0,0
Rock Creek Park 27C-2,0,0,0,0,0,0,0
Rock Creek Park 2A,0,0,0,0,0,0,0
Rock Creek Park 2B,0,0,0,0,0,0,0
Rock Creek Park 2B-2,0,0,0,0,0,0,0
Rock Creek Park 2C,0,0,0,0,0,0,0
Rock Creek Park 5A,0,0,0,0,0,0,0
Rock Creek Park 5B,0,0,0,0,0,0,0
Rock Creek Park 5B-2,0,0,0,0,0,0,0
Rock Creek Park 5C,0,0,0,0,0,0,0
Rock Creek Park 5C-2,0,0,0,0,0,0,0
Rock Creek Park 6A,0,0,0,0,0,0,0
Rock Creek Park 6C,0,0,0,0,0,0,0
Rock Creek Park 7A-2,0,0,0,0,0,0,0
Rock Creek Park 7B,0,0,0,0,0,0,0
Rock Creek Park 7B-2,0,0,0,0,0,0,0
Rock Creek Park 7C,0,0,0,0,0,0,0
Rock Creek Park 9A,0,0,0,0,0,0,0
Rock Creek Park 9B,0,0,0,0,0,0,0
Rock Creek Park 9C,0,0,0,0,0,0,0
S. Shenandoah 11A,0,0,0,0,0,0,0
S. Shenandoah 11B,1,0,0,0,0,0,0
S. Shenandoah 12A,0,1,1,0,1,0,1
S. Shenandoah 12B,0,0,0,0,0,0,0
S. Shenandoah 12C,0,0,0,0,0,0,0
S. Shenandoah 13B,1,0,0,0,0,0,0
S. Shenandoah 13C,0,0,0,0,0,0,0
S. Shenandoah 30B,0,0,0,0,0,0,0
S. Shenandoah 31A,0,0,0,0,1,0,0
S. Shenandoah 31B,0,0,0,0,0,0,0
S. Shenandoah 31C,0,0,0,0,0,0,0
S. Shenandoah 32A,0,0,0,0,0,0,0
S. Shenandoah 32B,0,0,0,0,0,0,0
S. Shenandoah 32C,0,0,0,0,0,1,0
S. Shenandoah 33A,1,0,0,1,0,0,1
S. Shenandoah 33B,0,0,0,0,0,1,0
S. Shenandoah 34A,0,0,0,0,0,0,0
S. Shenandoah 34C,0,0,0,0,0,0,0
S. Shenandoah 35A,0,0,0,1,0,0,0
S. Shenandoah 35C,0,0,0,0,0,0,0
S. Shenandoah 38A,0,0,0,0,1,0,0
S. Shenandoah 39A,0,0,0,1,0,1,0
S. Shenandoah 39B,0,0,0,0,1,0,0
S. Shenandoah 40B,0,0,0,0,0,1,0
S. Shenandoah 40C,0,0,0,0,0,0,0
S. Shenandoah 42B,0,0,0,0,0,0,0
S. Shenandoah 42C,0,0,0,0,0,0,0
S. Shenandoah 43A,1,0,1,0,0,0,0
S. shenandoah 43B,0,0,0,0,0,0,0
S. Shenandoah 43C,0,0,0,0,0,0,0
S. Shenandoah 44B,0,0,0,0,0,1,0
S. Shenandoah 44C,0,0,0,0,0,0,0
S. Shenandoah 45A,1,0,1,0,1,0,0
S. Shenandoah 45B,1,0,0,0,0,0,0
S. Shenandoah 46A,0,1,0,0,1,0,0
S. Shenandoah 46B,0,0,0,0,0,0,0
S. Shenandoah 46C,0,0,0,0,0,0,0
S. Shenandoah 47A,0,1,0,0,0,0,0
S. Shenandoah 47B,0,1,0,0,0,0,0
S. Shenandoah 47C,0,0,0,0,0,0,0
S. Shenandoah 48A,0,1,0,1,1,0,0
S. Shenandoah 48B,0,0,0,0,0,0,0
S. Shenandoah 48C,0,0,0,0,0,1,0
S. Shenandoah 55A,0,0,0,0,0,1,0
S. Shenandoah 55B,0,0,0,0,0,0,0
S. Shenandoah 60A,0,0,1,1,1,0,0
S. Shenandoah 60B,0,0,0,0,0,0,0
S. Shenandoah 60C,0,0,0,0,0,0,0
S. Shenandoah 63B,0,0,0,0,0,0,0
S. Shenandoah 9A,0,0,0,0,0,0,0
S. Shenandoah 9B,0,0,1,0,0,0,0
S. Shenandoah 9C,0,0,0,0,0,0,0
Sandhills 10A,0,0,0,0,0,0,0
Sandhills 10B,0,0,0,0,0,0,0
Sandhills 10C,0,0,0,0,0,1,0
Sandhills 11A,0,0,0,0,0,0,0
Sandhills 11B,0,0,0,0,0,0,0
Sandhills 11C,0,0,0,0,0,0,0
Sandhills 12A,0,0,0,0,0,0,0
Sandhills 12B,0,0,0,0,0,0,0
Sandhills 12C,0,0,0,0,0,0,0
Sandhills 13A,0,0,0,0,0,0,0
Sandhills 13B,0,0,0,0,0,0,0
Sandhills 13C,0,0,0,0,0,0,0
Sandhills 14A,0,0,0,1,0,0,0
Sandhills 14B,0,0,0,0,0,0,0
Sandhills 15A,0,0,0,0,0,0,0
Sandhills 15B,0,0,0,0,0,0,0
Sandhills 15C,0,0,0,0,0,0,0
Sandhills 16A,0,0,0,0,0,0,0
Sandhills 16B,0,0,0,0,0,0,0
Sandhills 16C,0,0,0,0,0,0,0
Sandhills 17A,0,0,0,0,0,0,0
Sandhills 17C,0,1,0,0,0,0,0
Sandhills 18A,0,0,0,0,0,0,0
Sandhills 18B,0,0,0,0,0,0,0
Sandhills 18C,0,0,0,0,0,0,0
Sandhills 19A,0,0,0,0,0,0,0
Sandhills 19B,0,0,0,0,0,0,0
Sandhills 1A,0,0,0,0,0,0,0
Sandhills 1B,0,0,0,0,0,0,0
Sandhills 1C,0,0,0,0,0,0,0
Sandhills 20B,0,0,0,0,0,0,0
Sandhills 21A,0,0,0,0,0,0,0
Sandhills 21B,0,0,0,0,0,0,0
Sandhills 21C,0,0,0,0,0,0,0
Sandhills 22A,0,1,0,0,0,0,0
Sandhills 22B,0,0,0,0,0,0,0
Sandhills 22C,0,0,0,0,0,0,0
Sandhills 23A,0,0,0,0,0,0,0
Sandhills 23B,0,0,0,0,0,0,0
Sandhills 23C,0,0,0,0,0,0,0
Sandhills 24A,0,0,0,0,0,0,1
Sandhills 24B,0,0,0,0,0,0,0
Sandhills 2A,0,0,0,0,0,0,0
Sandhills 2C,0,0,0,0,0,0,0
Sandhills 3A,0,0,0,0,0,0,0
Sandhills 3B,0,0,0,0,0,0,0
Sandhills 3C,0,0,0,0,0,0,0
Sandhills 4A,0,0,0,0,0,0,0
Sandhills 4B,0,0,0,0,0,0,0
Sandhills 4C,0,0,0,0,0,0,0
Sandhills 5A,0,0,0,0,0,0,0
Sandhills 5B,0,0,0,0,0,0,0
Sandhills 6A,0,0,0,0,0,0,0
Sandhills 6B,0,0,0,0,0,0,0
Sandhills 6C,0,0,0,0,0,0,0
Sandhills 7A,0,0,0,0,0,0,0
Sandhills 7C,0,0,0,0,0,0,0
Sandhills 8A,0,0,0,0,0,0,0
Sandhills 9C,0,0,0,0,0,0,0
Shenandoah 11A,0,1,0,0,0,0,0
Shenandoah 11B,0,0,0,0,0,0,0
Shenandoah 11C,0,0,0,0,0,0,0
Shenandoah 12A,0,0,0,0,0,0,1
Shenandoah 12B,0,0,0,1,0,0,0
Shenandoah 12C,0,0,0,0,0,0,0
Shenandoah 13A,0,0,0,1,1,0,0
Shenandoah 13B,0,0,0,0,0,0,0
Shenandoah 13C,0,0,0,0,0,0,0
Shenandoah 14A,0,0,0,0,0,0,0
Shenandoah 15C,0,0,0,0,0,0,0
Shenandoah 16A,0,0,0,0,0,0,0
Shenandoah 16C,0,0,0,0,0,1,0
Shenandoah 18A,0,1,1,0,0,0,0
Shenandoah 18C,0,0,0,0,0,0,0
Shenandoah 19A,0,0,0,0,0,0,0
Shenandoah 19B,0,0,0,0,1,0,0
Shenandoah 19C,0,0,0,0,0,0,0
Shenandoah 20A,1,0,0,0,0,0,0
Shenandoah 20B,0,0,0,0,0,0,0
Shenandoah 21A,0,0,0,0,0,0,0
Shenandoah 21B,0,1,0,0,0,0,0
Shenandoah 21C,0,1,0,0,0,0,0
Shenandoah 23A,0,0,0,0,0,0,0
Shenandoah 23B,0,0,0,0,0,0,0
Shenandoah 25A,0,1,1,0,0,0,0
Shenandoah 26A,1,1,0,1,1,1,0
Shenandoah 26C,0,0,0,0,1,0,0
Shenandoah 29A,1,0,1,0,1,0,0
Shenandoah 29B,0,0,0,0,0,0,0
Shenandoah 29C,0,0,1,0,0,0,0
Shenandoah 31A,0,0,0,0,0,0,0
Shenandoah 31B,0,0,0,0,0,0,0
Shenandoah 31C,0,0,0,0,0,0,0
Shenandoah 33A,0,0,1,0,0,0,0
Shenandoah 33B,0,1,0,0,0,0,0
Shenandoah 33C,0,1,0,0,1,0,0
Shenandoah 34A,0,0,0,0,0,0,0
Shenandoah 34B,0,0,0,0,0,0,0
Shenandoah 34C,0,0,0,0,0,0,0
Shenandoah 40A,0,0,0,0,0,1,1
Shenandoah 40B,0,0,0,0,0,1,1
Shenandoah 40C,1,0,0,0,1,0,1
Shenandoah 42A,0,0,0,0,1,1,1
Shenandoah 42B,0,0,0,0,0,0,0
Shenandoah 42C,0,0,0,0,0,0,0
Shenandoah 43A,1,0,0,0,0,0,0
Shenandoah 43C,0,0,0,0,0,0,0
Shenandoah 44A,1,0,0,0,0,0,0
Shenandoah 44B,0,0,0,0,0,0,0
Shenandoah 44C,0,0,0,0,0,0,0
Shenandoah 5B,0,0,0,0,0,0,0
Shenandoah 5C,0,0,0,0,0,0,0
South Mountains Gameland 10A,0,0,0,0,0,0,0
South Mountains Gameland 10B,0,0,0,0,0,0,0
South Mountains Gameland 10C,0,0,0,0,0,0,0
South Mountains Gameland 12A,0,0,0,0,0,0,0
South Mountains Gameland 12B,0,0,0,0,0,0,0
South Mountains Gameland 12C,0,0,0,0,0,0,0
South Mountains Gameland 13A,0,0,0,0,0,0,0
South Mountains Gameland 13C,0,0,0,0,0,0,0
South Mountains Gameland 14A,0,0,0,0,0,0,0
South Mountains Gameland 14B,1,0,0,0,0,0,0
South Mountains Gameland 14C,0,0,0,0,0,0,0
South Mountains Gameland 15A,0,0,0,0,0,0,0
South Mountains Gameland 15B,0,0,0,0,0,0,0
South Mountains Gameland 15C,0,0,0,0,0,0,0
South Mountains Gameland 16A,0,0,0,0,0,0,0
South Mountains Gameland 16C,0,0,0,0,0,0,0
South Mountains Gameland 17A,0,0,0,0,0,1,0
South Mountains Gameland 17B,0,0,0,0,0,0,0
South Mountains Gameland 18B,0,0,0,0,0,0,0
South Mountains Gameland 18C,0,0,0,0,0,0,0
South Mountains Gameland 19A,1,0,0,0,0,0,0
South Mountains Gameland 19B,0,0,0,0,0,0,0
South Mountains Gameland 19C,0,0,0,0,0,0,0
South Mountains Gameland 1A,0,0,0,0,0,0,0
South Mountains Gameland 1B,0,0,0,0,0,0,0
South Mountains Gameland 20A,0,0,0,0,0,0,0
South Mountains Gameland 20B,0,0,0,0,0,0,0
South Mountains Gameland 20C,0,0,0,0,0,0,0
South Mountains Gameland 21B,0,0,0,0,0,0,0
South Mountains Gameland 21C,0,0,0,0,0,0,0
South Mountains Gameland 22A,0,0,0,0,0,0,0
South Mountains Gameland 22B,0,0,0,1,0,0,0
South Mountains Gameland 22C,0,0,0,0,0,0,1
South Mountains Gameland 23B,0,0,0,0,0,0,0
South Mountains Gameland 23C,0,0,0,0,0,0,0
South Mountains Gameland 24B,0,0,0,0,0,0,0
South Mountains Gameland 24C,0,0,0,0,0,0,0
South Mountains Gameland 2A,0,0,0,0,0,0,1
South Mountains Gameland 2C,0,0,0,0,0,0,0
South Mountains Gameland 3B,0,0,0,0,0,0,0
South Mountains Gameland 4A,0,0,0,0,0,0,0
South Mountains Gameland 4B,0,0,0,0,0,0,0
South Mountains Gameland 4C,0,0,0,0,0,0,0
South Mountains Gameland 5A,0,0,0,0,0,0,0
South Mountains Gameland 5B,0,0,0,0,0,0,0
South Mountains Gameland 5C,0,0,0,0,0,0,0
South Mountains Gameland 6A,0,0,0,0,0,0,0
South Mountains Gameland 6B,0,0,0,0,0,0,0
South Mountains Gameland 6C,0,0,0,0,0,0,0
South Mountains Gameland 7A,0,0,0,0,0,0,1
South Mountains Gameland 7B,0,0,0,0,0,0,0
South Mountains Gameland 7C,0,0,0,0,0,0,0
South Mountains Gameland 8A,0,0,0,1,0,1,0
South Mountains Gameland 8C,0,0,0,0,0,0,0
South Mountains Gameland 9A,0,0,0,0,0,0,0
South Mountains Gameland 9B,0,0,0,0,0,0,0
South Mountains State Park 10A,1,0,0,1,0,0,0
South Mountains State Park 10B,0,0,0,0,0,0,0
South Mountains State Park 11A,0,0,0,1,0,0,0
South Mountains State Park 11B,1,0,0,0,0,0,0
South Mountains State Park 11C,0,0,0,0,0,0,0
South Mountains State Park 12A,0,0,0,0,1,0,1
South Mountains State Park 12B,0,0,0,0,0,0,0
South Mountains State Park 12C,0,0,0,0,0,0,0
South Mountains State Park 13A,0,0,0,0,0,0,1
South Mountains State Park 13B,0,0,0,0,0,0,0
South Mountains State Park 13C,0,0,0,0,0,0,0
South Mountains State Park 14A,0,0,0,0,0,0,0
South Mountains State Park 14B,1,0,0,0,0,0,0
South Mountains State Park 14C,0,0,0,0,0,0,0
South Mountains State Park 15A,0,0,0,0,0,0,1
South Mountains State Park 15B,0,0,0,0,0,0,0
South Mountains State Park 15C,0,0,0,0,0,0,0
South Mountains State Park 16A,0,0,0,0,0,0,0
South Mountains State Park 16C,0,0,0,0,0,0,0
South Mountains State Park 17A,0,0,0,0,0,0,0
South Mountains State Park 17B,0,0,0,0,0,0,0
South Mountains State Park 17C,0,0,0,0,0,0,0
South Mountains State Park 19A,0,0,0,0,0,0,0
South Mountains State Park 19C,0,0,0,0,0,0,0
South Mountains State Park 1A,0,0,0,0,0,1,0
South Mountains State Park 1B,0,0,0,0,0,0,0
South Mountains State Park 1C,1,0,0,0,0,0,0
South Mountains State Park 20A,0,0,0,0,0,1,0
South Mountains State Park 20B,0,0,0,0,0,0,0
South Mountains State Park 20C,0,0,0,0,0,0,0
South Mountains State Park 21A,0,0,0,0,0,0,0
South Mountains State Park 21B,0,0,0,0,0,0,0
South Mountains State Park 21C,0,0,0,0,0,0,0
South Mountains State Park 22A,0,0,0,0,0,1,0
South Mountains State Park 22B,0,0,0,0,0,0,0
South Mountains State Park 22C,0,0,0,0,0,0,0
South Mountains State Park 23A,0,0,0,0,0,0,0
South Mountains State Park 23B,0,0,0,0,0,0,0
South Mountains State Park 24A,0,0,0,0,0,0,0
South Mountains State Park 24B,0,0,0,0,0,0,0
South Mountains State Park 24C,0,0,0,0,0,0,0
South Mountains State Park 2A,0,0,0,0,0,0,1
South Mountains State Park 2B,0,0,0,0,0,0,0
South Mountains State Park 2C,0,0,0,0,0,0,0
South Mountains State Park 3A,0,0,0,0,0,0,0
South Mountains State Park 4A,0,0,0,0,0,0,0
South Mountains State Park 4B,0,0,0,0,0,0,0
South Mountains State Park 4C,0,0,0,0,0,0,0
South Mountains State Park 5A,0,1,0,0,0,0,0
South Mountains State Park 5C,0,0,0,0,0,0,0
South Mountains State Park 8A,0,0,0,0,0,0,0
South Mountains State Park 8C,0,0,0,0,0,0,0
South Mountains State Park 9B,0,0,0,0,0,0,0
South Mountains State Park 9C,0,0,0,0,0,0,0
Stone Mountain 10A,0,0,0,0,0,0,0
Stone Mountain 10B,0,0,0,0,0,0,0
Stone Mountain 10C,0,0,0,0,0,0,0
Stone Mountain 11A,0,0,0,0,0,0,0
Stone Mountain 11B,0,0,0,0,0,0,0
Stone Mountain 11C,0,0,0,0,0,0,0
Stone Mountain 12A,0,0,0,0,0,0,0
Stone Mountain 12C,0,0,0,0,0,0,0
Stone Mountain 13A,0,0,0,0,0,0,0
Stone Mountain 13B,0,0,0,0,0,0,0
Stone Mountain 14A,0,0,0,0,0,0,0
Stone Mountain 14B,0,0,0,0,0,0,0
Stone Mountain 14C,0,0,0,0,0,0,0
Stone Mountain 15A,0,0,0,0,0,1,0
Stone Mountain 15B,0,0,0,0,0,0,0
Stone Mountain 15C,0,0,0,0,0,0,0
Stone Mountain 16A,0,0,0,0,0,0,0
Stone Mountain 16B,0,0,0,0,0,0,0
Stone Mountain 16C,0,0,1,0,0,0,0
Stone Mountain 17A,0,0,0,0,0,0,0
Stone Mountain 17B,0,0,0,0,0,0,0
Stone Mountain 17C,0,0,0,0,0,0,0
Stone Mountain 18A,0,0,0,0,0,0,0
Stone Mountain 18B,0,0,0,0,0,0,0
Stone Mountain 18C,0,0,0,0,0,0,0
Stone Mountain 19B,0,0,0,0,0,0,0
Stone Mountain 19C,0,0,0,0,0,0,0
Stone Mountain 1A,1,0,0,1,0,0,0
Stone Mountain 1B,0,0,0,0,0,0,0
Stone Mountain 1C,0,0,0,0,0,0,1
Stone Mountain 20A,0,0,0,0,0,0,0
Stone Mountain 20B,0,0,0,0,0,0,0
Stone Mountain 20C,0,0,0,0,0,0,0
Stone Mountain 21B,0,0,0,0,0,0,0
Stone Mountain 21C,0,0,0,0,0,0,0
Stone Mountain 22A,0,0,0,1,0,0,0
Stone Mountain 22B,0,0,0,0,0,0,0
Stone Mountain 23A,0,0,1,0,0,0,0
Stone Mountain 23B,0,0,0,0,0,0,0
Stone Mountain 23C,0,0,0,0,0,0,0
Stone Mountain 24B,0,0,0,0,0,0,0
Stone Mountain 24C,0,0,0,0,0,0,0
Stone Mountain 2A,0,0,1,0,0,0,0
Stone Mountain 2C,0,0,1,0,0,1,0
Stone Mountain 3A,0,0,0,1,0,0,0
Stone Mountain 3C,0,0,0,0,0,0,0
Stone Mountain 4A,0,0,0,0,0,0,0
Stone Mountain 4C,0,0,0,0,0,0,0
Stone Mountain 5A,0,0,0,0,0,0,0
Stone Mountain 5B,0,0,0,0,0,0,0
Stone Mountain 5C,0,0,0,0,0,0,0
Stone Mountain 6A,0,0,0,0,0,1,0
Stone Mountain 6C,0,0,0,0,0,0,0
Stone Mountain 7A,0,0,0,0,0,0,0
Stone Mountain 7B,0,0,0,0,0,0,0
Stone Mountain 7C,0,0,1,0,0,0,0
Stone Mountain 8C,0,0,0,0,0,0,0
Thompson WMA  37C,0,0,0,0,0,0,0
Thompson WMA 10A,0,0,0,0,0,0,0
Thompson WMA 10B,0,0,0,0,0,0,0
Thompson WMA 10C,0,0,0,0,0,0,0
Thompson WMA 11C,0,0,0,0,0,0,0
Thompson WMA 13A,0,0,0,0,0,0,0
Thompson WMA 13B,0,0,0,0,0,0,0
Thompson WMA 13C,0,0,0,0,0,0,0
Thompson WMA 14A,0,0,0,0,0,0,0
Thompson WMA 14A-2,0,0,0,0,0,0,0
Thompson WMA 14B,0,0,0,0,0,0,0
Thompson WMA 14B-2,0,0,0,0,0,0,0
Thompson WMA 14C-2,0,0,0,0,0,0,0
Thompson WMA 15A,0,0,0,0,0,0,0
Thompson WMA 15B,0,0,0,0,0,0,0
Thompson WMA 15C,0,0,0,0,0,1,0
Thompson WMA 16A,0,0,0,0,0,0,0
Thompson WMA 16B,0,0,0,0,0,0,0
Thompson WMA 16C,0,0,0,0,0,0,0
Thompson WMA 17A,0,0,0,0,0,0,0
Thompson WMA 17A-2,0,0,0,0,0,0,0
Thompson WMA 17B,0,0,0,0,0,0,0
Thompson WMA 17B-2,0,0,0,0,0,0,0
Thompson WMA 17C,0,0,0,0,0,0,0
Thompson WMA 17C-2,0,0,0,0,0,0,0
Thompson WMA 18A,0,0,0,0,0,1,0
Thompson WMA 18B,0,0,0,0,0,0,0
Thompson WMA 18C,0,0,0,0,0,0,0
Thompson WMA 1A,0,0,0,0,0,0,0
Thompson WMA 1B,0,0,0,0,0,0,0
Thompson WMA 1C,0,0,0,0,0,0,0
Thompson WMA 20A,0,0,0,0,0,0,0
Thompson WMA 20B,0,0,0,0,0,0,0
Thompson WMA 20C,0,0,0,0,0,0,0
Thompson WMA 21A,1,0,0,0,0,0,0
Thompson WMA 21B,1,0,0,0,0,0,0
Thompson WMA 21C,0,0,0,0,0,0,0
Thompson WMA 22A,0,0,0,0,0,0,0
Thompson WMA 22B,0,0,0,0,0,0,0
Thompson WMA 22C,0,0,0,0,0,0,0
Thompson WMA 24A,0,0,0,1,0,0,0
Thompson WMA 24C,0,0,0,0,0,0,0
Thompson WMA 25A,0,0,0,0,0,1,0
Thompson WMA 25B,0,0,0,0,0,0,0
Thompson WMA 25C,0,0,0,0,0,0,0
Thompson WMA 30A,0,0,0,0,0,0,0
Thompson WMA 30B,0,0,0,0,0,0,0
Thompson WMA 30C,0,0,0,0,0,0,0
Thompson WMA 31A,0,1,0,0,0,0,0
Thompson WMA 31B,0,0,0,0,0,0,0
Thompson WMA 31C,0,0,0,0,0,0,0
Thompson WMA 33A,0,0,0,0,0,0,0
Thompson WMA 33B,0,0,0,0,0,0,0
Thompson WMA 33C,0,0,0,0,0,0,0
Thompson WMA 34A,0,0,0,0,0,0,0
Thompson WMA 34B,0,0,0,0,0,0,0
Thompson WMA 34C,0,0,0,0,0,0,0
Thompson WMA 36A,0,0,0,0,0,0,0
Thompson WMA 36B,0,0,0,0,0,0,0
Thompson WMA 36C,0,0,0,0,0,0,0
Thompson WMA 37A,0,0,0,0,0,0,0
Thompson WMA 3A,0,0,0,0,0,0,0
Thompson WMA 3B,0,0,0,0,0,0,0
Thompson WMA 3C,0,0,0,0,0,0,0
Thompson WMA 5A,0,0,0,0,0,1,0
Thompson WMA 5C,0,0,0,0,0,0,0
Thompson WMA 9A,0,0,0,0,0,0,0
Thompson WMA 9B,0,0,0,0,0,0,0
Thompson WMA 9C,1,1,0,0,0,0,0
Thurmond Chatham 11A,0,0,0,0,0,0,0
Thurmond Chatham 11B,0,0,0,0,0,0,0
Thurmond Chatham 11C,0,0,0,0,0,0,0
Thurmond Chatham 12A,1,0,0,0,0,0,0
Thurmond Chatham 12C,0,0,0,0,0,0,0
Thurmond Chatham 13A,0,0,0,0,0,0,0
Thurmond Chatham 13B,0,0,0,0,0,0,0
Thurmond Chatham 13C,0,0,0,0,0,0,0
Thurmond Chatham 14A,0,0,0,0,0,0,0
Thurmond Chatham 15A,0,0,0,0,0,0,0
Thurmond Chatham 15B,0,0,0,0,0,0,0
Thurmond Chatham 16A,0,0,0,0,0,0,0
Thurmond Chatham 16B,0,0,0,0,0,0,0
Thurmond Chatham 16C,0,0,0,0,0,0,0
Thurmond Chatham 17A,0,0,0,0,0,0,0
Thurmond Chatham 17B,0,0,0,0,0,0,0
Thurmond Chatham 17C,0,0,0,0,0,0,0
Thurmond Chatham 18A,0,0,0,0,0,0,0
Thurmond Chatham 18B,0,0,0,0,0,0,0
Thurmond Chatham 18C,0,0,0,0,0,0,0
Thurmond Chatham 1A,0,0,0,0,0,0,0
Thurmond Chatham 1B,0,0,0,0,0,0,0
Thurmond Chatham 1C,0,0,0,0,0,0,0
Thurmond Chatham 20A,0,0,0,0,1,0,0
Thurmond Chatham 20B,0,0,0,0,0,0,0
Thurmond Chatham 20C,0,0,0,0,0,0,0
Thurmond Chatham 21A,0,0,0,0,0,0,0
Thurmond Chatham 21B,0,0,0,0,0,0,0
Thurmond Chatham 21C,0,0,0,0,0,0,0
Thurmond Chatham 22A,0,0,0,0,0,0,0
Thurmond Chatham 22B,0,0,0,0,0,0,0
Thurmond Chatham 22C,0,0,0,0,0,0,0
Thurmond Chatham 23A,0,0,0,0,0,0,0
Thurmond Chatham 23B,0,0,0,0,0,0,0
Thurmond Chatham 23C,0,0,0,1,0,0,0
Thurmond Chatham 24A,0,0,0,0,0,0,0
Thurmond Chatham 24C,0,0,0,0,0,0,0
Thurmond Chatham 2B,0,0,0,0,0,0,0
Thurmond Chatham 2C,0,0,0,0,0,0,0
Thurmond Chatham 3A,0,0,0,0,0,0,0
Thurmond Chatham 3C,0,0,0,0,0,0,0
Thurmond Chatham 4A,0,0,0,0,0,0,0
Thurmond Chatham 4B,0,0,0,0,0,0,0
Thurmond Chatham 4C,0,0,0,0,0,0,0
Thurmond Chatham 5B,0,0,0,0,0,0,0
Thurmond Chatham 5C,0,0,0,0,0,0,0
Thurmond Chatham 6A,0,1,0,0,0,0,0
Thurmond Chatham 6B,0,0,0,0,0,0,0
Thurmond Chatham 6C,0,0,0,0,0,0,0
Thurmond Chatham 7A,0,1,0,0,0,1,0
Thurmond Chatham 7B,0,0,0,0,0,0,0
Thurmond Chatham 7C,0,0,0,0,0,0,0
Thurmond Chatham 8A,0,1,0,0,0,0,1
Thurmond Chatham 8C,0,0,0,1,0,0,0
Thurmond Chatham 9A,0,0,0,0,0,0,0
Thurmond Chatham 9C,0,0,0,0,0,0,0
Umstead 10A,0,0,0,0,0,0,0
Umstead 10B,0,0,0,0,0,0,0
Umstead 10C,0,0,0,0,0,0,0
Umstead 11A,0,0,0,0,0,0,0
Umstead 11B,0,0,0,0,0,0,0
Umstead 11C,0,0,0,0,0,0,0
Umstead 12A,0,0,0,0,0,0,0
Umstead 12B,0,0,0,0,0,0,0
Umstead 12C,0,0,0,0,0,0,0
Umstead 13A,0,0,0,0,0,0,0
Umstead 13C,0,0,0,0,0,0,0
Umstead 14B,0,0,0,0,0,0,0
Umstead 14C,0,0,0,0,0,0,0
Umstead 15B,0,0,0,0,0,0,0
Umstead 15C,0,0,0,0,0,0,0
Umstead 16B,0,0,0,0,0,0,0
Umstead 16C,0,0,0,0,0,0,0
Umstead 17A,0,0,0,0,0,0,0
Umstead 17B,0,0,0,0,0,0,0
Umstead 17C,0,0,0,0,0,0,0
Umstead 18A,0,0,0,0,0,0,0
Umstead 18B,0,0,0,0,0,0,0
Umstead 18C,0,0,0,0,0,0,0
Umstead 19A,0,0,0,0,0,0,0
Umstead 19B,0,0,0,0,0,0,0
Umstead 19C,0,0,0,0,0,0,0
Umstead 1A,0,0,0,0,0,0,0
Umstead 1B,0,0,0,0,0,0,0
Umstead 1C,0,0,0,0,0,0,0
Umstead 20A,0,0,0,0,0,0,0
Umstead 20B,0,0,0,0,0,0,0
Umstead 20C,0,0,0,0,0,0,0
Umstead 21A,0,0,0,0,0,0,0
Umstead 21C,0,0,0,0,0,0,0
Umstead 22A,0,0,0,0,0,0,0
Umstead 22C,0,0,0,0,0,0,0
Umstead 23A,0,0,0,0,0,0,0
Umstead 23C,0,0,0,0,0,0,0
Umstead 24A,0,0,0,0,0,0,0
Umstead 24C,0,0,0,0,0,0,0
Umstead 25A,0,0,0,0,0,0,0
Umstead 25B,0,0,0,0,0,0,0
Umstead 25C,0,0,0,0,0,0,0
Umstead 26A,0,0,0,0,0,0,0
Umstead 26B,0,0,0,0,0,0,0
Umstead 27A,0,0,0,0,0,0,0
Umstead 27B,0,0,0,0,0,0,0
Umstead 28A,0,0,0,0,0,0,0
Umstead 28B,0,0,0,0,0,0,0
Umstead 29C,0,0,0,0,0,0,0
Umstead 2B,0,0,0,0,0,0,0
Umstead 2C,0,0,0,0,0,0,0
Umstead 30A,0,0,0,0,0,0,0
Umstead 3B,0,0,0,0,0,0,0
Umstead 3C,0,0,0,0,0,0,0
Umstead 4A,0,0,0,0,0,0,0
Umstead 4C,0,0,0,0,0,0,0
Umstead 5A,0,0,0,0,0,0,0
Umstead 5B,0,0,0,0,0,0,0
Umstead 5C,0,0,0,0,0,0,0
Umstead 6A,0,0,0,0,0,0,0
Umstead 6C,0,0,0,0,0,0,0
Umstead 7A,0,0,0,0,0,0,0
Umstead 8A,0,0,0,0,0,0,0
Umstead 8C,0,0,0,0,0,0,0
Umstead 9B,0,0,0,0,0,0,0
Uwharrie 10A,0,0,0,0,0,0,0
Uwharrie 10B,0,0,0,0,0,0,0
Uwharrie 10C,0,0,0,0,0,0,0
Uwharrie 11A,0,0,0,0,0,0,0
Uwharrie 11B,0,0,0,0,0,0,0
Uwharrie 11C,0,0,0,0,0,0,0
Uwharrie 12A,0,0,0,0,0,0,0
Uwharrie 12C,0,0,0,0,0,0,0
Uwharrie 13A,0,0,0,0,0,0,0
Uwharrie 13B,0,0,0,0,0,0,0
Uwharrie 13C,0,0,0,0,0,0,0
Uwharrie 14B,0,0,0,0,0,0,0
Uwharrie 15A,0,0,0,0,0,0,0
Uwharrie 15B,0,0,0,0,0,0,0
Uwharrie 15C,0,0,0,0,0,0,0
Uwharrie 16A,0,0,0,0,0,0,0
Uwharrie 16B,0,0,0,0,0,0,0
Uwharrie 16C,0,0,0,0,0,0,0
Uwharrie 17A,0,0,0,0,0,0,0
Uwharrie 17B,0,0,0,0,0,0,0
Uwharrie 18A,0,0,0,0,0,0,0
Uwharrie 18B,0,0,0,0,0,0,0
Uwharrie 18C,0,0,0,0,0,0,0
Uwharrie 19A,0,0,0,0,0,0,0
Uwharrie 19B,0,0,0,0,0,0,0
Uwharrie 19C,0,0,0,0,0,0,0
Uwharrie 1A,0,0,1,0,0,0,0
Uwharrie 1B,0,0,0,0,0,0,0
Uwharrie 1C,0,0,0,0,0,0,0
Uwharrie 20A,0,0,0,0,0,0,0
Uwharrie 20B,0,0,0,0,0,0,0
Uwharrie 20C,0,0,0,0,0,0,0
Uwharrie 21A,0,0,0,0,0,0,0
Uwharrie 21B,0,0,0,0,0,0,0
Uwharrie 21C,0,0,0,0,0,0,0
Uwharrie 22A,0,0,0,0,0,0,0
Uwharrie 22C,0,0,0,0,0,0,0
Uwharrie 23B,0,0,0,0,0,0,0
Uwharrie 23C,0,0,0,0,0,0,0
Uwharrie 24B,0,0,0,0,0,0,0
Uwharrie 24C,0,0,0,0,0,0,0
Uwharrie 2A,0,0,0,0,0,0,0
Uwharrie 2B,0,0,0,0,0,0,0
Uwharrie 2C,0,0,0,0,0,0,0
Uwharrie 3A,0,0,0,0,0,0,0
Uwharrie 3B,0,0,0,0,0,0,0
Uwharrie 3C,0,0,0,0,0,0,0
Uwharrie 4A,0,0,0,0,0,0,0
Uwharrie 4B,0,0,0,0,0,0,0
Uwharrie 4C,0,0,0,0,0,0,0
Uwharrie 5A,0,0,0,0,0,0,0
Uwharrie 5B,0,0,0,0,0,0,0
Uwharrie 5C,0,0,0,0,0,0,0
Uwharrie 6A,0,0,0,0,0,0,0
Uwharrie 6B,0,0,0,0,0,0,0
Uwharrie 6C,0,0,0,0,0,0,0
Uwharrie 7A,0,0,0,0,0,0,0
Uwharrie 7B,0,0,0,1,0,0,0
Uwharrie 7C,0,0,0,0,0,0,0
Uwharrie 8A,0,0,0,0,0,0,0
Uwharrie 8B,0,0,0,0,0,0,0
Uwharrie 8C,0,0,0,0,0,0,0
Uwharrie 9A,0,0,0,0,0,0,0
Uwharrie 9B,0,0,0,0,0,0,0
Uwharrie 9C,0,0,0,0,0,0,0
Warm Springs Hunt 10A,0,0,0,0,0,0,0
Warm Springs Hunt 10B,0,0,0,0,0,0,0
Warm Springs Hunt 10C,0,0,0,0,0,0,0
Warm Springs Hunt 11A,0,0,0,0,0,0,0
Warm Springs Hunt 11B,0,0,0,0,0,0,0
Warm Springs Hunt 11C,0,0,0,0,0,0,0
Warm Springs Hunt 14A,0,0,0,1,0,0,0
Warm Springs Hunt 14B,0,0,0,0,0,0,0
Warm Springs Hunt 14C,0,0,0,0,0,0,0
Warm Springs Hunt 15A,0,0,0,0,0,1,0
Warm Springs Hunt 15B,0,0,0,0,0,0,0
Warm Springs Hunt 15C,0,0,0,0,0,0,0
Warm Springs Hunt 16B,0,0,0,0,0,0,0
Warm Springs Hunt 16C,0,0,0,0,0,0,0
Warm Springs Hunt 17B,0,1,0,0,0,0,0
Warm Springs Hunt 17C,0,0,0,0,0,1,0
Warm Springs Hunt 18A,0,0,0,0,0,0,0
Warm Springs Hunt 18B,0,0,0,0,0,0,0
Warm Springs Hunt 18C,0,0,0,0,0,0,0
Warm Springs Hunt 19A,0,0,0,0,0,0,1
Warm Springs Hunt 19B,0,0,0,0,0,0,0
Warm Springs Hunt 19C,0,0,0,1,0,0,0
Warm Springs Hunt 1A,0,0,0,0,0,0,1
Warm Springs Hunt 1B,0,0,0,0,0,0,0
Warm Springs Hunt 1C,0,0,0,0,0,0,0
Warm Springs Hunt 20A,0,1,0,0,0,0,0
Warm Springs Hunt 20C,0,0,0,0,0,0,0
Warm Springs Hunt 21A,0,0,0,0,0,0,0
Warm Springs Hunt 21B,0,0,0,0,0,0,0
Warm Springs Hunt 29A,0,0,0,1,1,1,0
Warm Springs Hunt 29B,0,0,0,0,0,0,0
Warm Springs Hunt 29C,0,0,0,0,0,0,0
Warm Springs Hunt 2A,0,0,0,0,0,0,0
Warm Springs Hunt 2B,0,0,0,0,0,0,0
Warm Springs Hunt 2C,0,0,0,0,0,0,0
Warm Springs Hunt 30B,0,0,0,0,0,1,0
Warm Springs Hunt 30C,0,0,0,0,0,0,0
Warm Springs Hunt 31A,1,0,0,0,1,0,0
Warm Springs Hunt 31B,0,0,0,0,0,0,0
Warm Springs Hunt 31C,1,0,0,0,0,0,0
Warm Springs Hunt 32A,0,0,1,0,0,0,0
Warm Springs Hunt 32C,0,0,1,1,0,0,0
Warm Springs Hunt 3B,0,0,0,0,0,0,0
Warm Springs Hunt 3C,0,0,0,0,0,0,0
Warm Springs Hunt 4B,0,0,0,0,0,0,0
Warm Springs Hunt 5A,0,0,0,0,0,0,0
Warm Springs Hunt 5B,0,0,0,0,0,0,0
Warm Springs Hunt 5C,0,0,0,0,0,0,0
Warm Springs Hunt 6B,0,0,0,0,0,0,0
Warm Springs Hunt 7A,1,0,0,0,0,1,1
Warm Springs Hunt 7B,0,1,0,0,0,0,0
Warm Springs Hunt 7C,0,0,0,0,0,0,0
Warm Springs Hunt 8A,1,0,0,0,0,0,1
Warm Springs Hunt 8B,0,0,0,0,0,0,0
Warm Springs Hunt 8C,0,0,0,0,0,0,0
Warm Springs Hunt 9A,0,0,0,0,0,0,0
Warm Springs Hunt 9C,0,0,0,0,0,0,0
Warm Springs Non-Hunt 40A,1,1,1,1,1,1,1
Warm Springs Non-Hunt 40C,0,0,0,0,0,0,0
Warm Springs Non-Hunt 41A,0,0,0,1,0,0,1
Warm Springs Non-Hunt 42A,0,1,1,1,0,1,0
Warm Springs Non-Hunt 43A,0,0,0,0,0,0,0
Warm Springs Non-Hunt 43C,0,0,0,0,0,0,0
Warm Springs Non-Hunt 44A,0,0,1,0,0,0,0
Warm Springs Non-Hunt 44B,0,0,0,0,0,1,0
Warm Springs Non-Hunt 44C,0,0,0,0,0,0,0
Warm Springs Non-Hunt 45A,0,0,1,0,1,1,0
Warm Springs Non-Hunt 45B,0,0,0,0,0,0,1
Warm Springs Non-Hunt 45C,0,0,0,0,0,0,0
Warm Springs Non-Hunt 46A,1,0,0,1,0,0,0
Warm Springs Non-Hunt 46B,0,0,0,0,0,0,0
Warm Springs Non-Hunt 46C,0,0,0,0,1,0,0
Warm Springs Non-Hunt 47A,0,0,1,1,0,0,0
Warm Springs Non-Hunt 47B,0,0,0,0,0,0,0
Warm Springs Non-Hunt 47C,0,0,0,0,0,0,1
Warm Springs Non-Hunt 48A,0,1,0,0,1,0,1
Warm Springs Non-Hunt 48B,0,0,0,0,0,0,0
Warm Springs Non-Hunt 48C,0,0,0,0,0,0,0
Warm Springs Non-Hunt 49A,0,0,0,0,1,1,0
Warm Springs Non-Hunt 49B,0,0,0,0,0,0,0
Warm Springs Non-Hunt 49C,0,0,0,0,0,0,0
Warm Springs Non-Hunt 50A,1,0,0,0,0,0,0
Warm Springs Non-Hunt 50B,0,0,0,0,0,0,0
Warm Springs Non-Hunt 50C,0,0,0,0,0,0,0
Warm Springs Non-Hunt 51A,0,0,0,0,0,0,0
Warm Springs Non-Hunt 51B,0,0,0,0,0,0,0
Warm Springs Non-Hunt 51C,0,1,0,0,0,0,0
Warm Springs Non-Hunt 52A,1,1,1,0,0,1,0
Warm Springs Non-Hunt 52B,1,0,0,0,0,0,0
Warm Springs Non-Hunt 53A,0,0,0,0,0,0,1
Warm Springs Non-Hunt 53B,0,0,0,0,0,0,0
Warm Springs Non-Hunt 53C,0,0,0,0,0,0,0
Warm Springs Non-Hunt 54A,0,0,0,0,0,0,0
Warm Springs Non-Hunt 54B,0,0,0,0,0,0,0
Warm Springs Non-Hunt 54C,0,0,1,0,0,0,0
Warm Springs Non-Hunt 55A,1,0,1,1,0,0,0
Warm Springs Non-Hunt 55C,0,0,0,0,0,0,0
Warm Springs Non-Hunt 56A,0,0,0,0,0,0,1
Warm Springs Non-Hunt 56C,0,0,0,0,0,0,0
Warm Springs Non-Hunt 57A,0,0,0,0,0,0,1
Warm Springs Non-Hunt 57B,0,0,0,0,0,0,0
Warm Springs Non-Hunt 58A,0,0,0,0,0,0,0
Warm Springs Non-Hunt 58B,0,0,0,0,0,0,0
Warm Springs Non-Hunt 59A,0,0,0,0,0,0,0
Warm Springs Non-Hunt 59B,0,0,0,0,0,0,0
Warm Springs Non-Hunt 59C,0,0,0,0,0,0,0
Warm Springs Non-Hunt 60A,0,0,0,0,0,0,0
Warm Springs Non-Hunt 60B,0,0,0,0,0,0,0
Warm Springs Non-Hunt 60C,1,0,0,0,0,0,0
Warm Springs Non-Hunt 61A,0,0,0,0,0,0,0
Warm Springs Non-Hunt 61B,0,0,0,0,0,1,0
Warm Springs Non-Hunt 62A,0,0,0,0,0,0,0
Warm Springs Non-Hunt 62B,0,0,0,0,0,0,0
Warm Springs Non-Hunt 62C,0,0,0,0,0,0,0
Warm Springs Non-Hunt 63A,0,0,0,0,0,0,0
Warm Springs Non-Hunt 63B,0,0,0,0,0,0,0
Warm Springs Non-Hunt 63C,0,0,0,0,0,0,1
Weymouth Woods 11A,0,0,0,0,0,0,0
Weymouth Woods 11B,0,0,0,0,0,0,0
Weymouth Woods 11C,0,0,0,0,0,0,0
Weymouth Woods 12A,0,0,0,0,0,0,0
Weymouth Woods 12B,0,0,0,0,0,0,0
Weymouth Woods 12C,0,0,0,0,0,0,0
Weymouth Woods 13A,0,0,0,0,0,0,0
Weymouth Woods 13B,0,0,0,0,0,0,0
Weymouth Woods 13C,0,0,0,0,0,0,0
Weymouth Woods 15A,0,0,0,0,0,0,0
Weymouth Woods 15B,0,0,0,0,0,0,0
Weymouth Woods 16A,0,0,0,0,0,0,0
Weymouth Woods 16B,0,0,0,0,0,0,0
Weymouth Woods 16C,0,0,0,0,0,0,0
Weymouth Woods 17B,0,0,0,0,0,0,0
Weymouth Woods 17C,0,0,0,0,0,0,0
Weymouth Woods 18A,0,0,0,0,0,0,0
Weymouth Woods 18B,0,0,0,0,0,0,0
Weymouth Woods 18C,0,0,0,0,0,0,0
Weymouth Woods 19B,0,0,0,0,0,0,0
Weymouth Woods 1A,0,0,0,0,0,0,0
Weymouth Woods 1B,0,0,0,0,0,0,0
Weymouth Woods 1C,0,0,0,0,0,0,0
Weymouth Woods 20A,0,0,0,0,0,0,0
Weymouth Woods 20B,0,0,0,0,0,0,0
Weymouth Woods 20C,0,0,0,0,0,0,0
Weymouth Woods 21A,0,0,0,0,0,0,0
Weymouth Woods 21B,0,0,0,0,0,0,0
Weymouth Woods 21C,0,0,0,0,0,0,0
Weymouth Woods 23A,0,0,0,0,0,0,0
Weymouth Woods 23B,0,0,0,0,0,0,0
Weymouth Woods 23C,0,0,0,0,0,0,0
Weymouth Woods 24A,0,0,0,0,0,0,0
Weymouth Woods 24B,0,0,0,0,0,0,0
Weymouth Woods 24C,0,0,0,0,0,0,0
Weymouth Woods 2A,0,0,0,0,0,0,0
Weymouth Woods 2B,0,0,0,0,0,0,0
Weymouth Woods 2C,0,0,0,0,0,0,0
Weymouth Woods 3A,0,0,0,0,0,0,0
Weymouth Woods 3B,0,0,0,0,0,0,0
Weymouth Woods 3C,0,0,0,0,0,0,0
Weymouth Woods 4A,0,0,0,0,0,0,0
Weymouth Woods 4B,0,0,0,0,0,0,0
Weymouth Woods 4C,0,0,0,0,0,0,0
Weymouth Woods 5A,0,0,0,0,0,0,0
Weymouth Woods 5B,0,0,0,0,0,0,0
Weymouth Woods 5C,0,0,0,0,0,0,0
Weymouth Woods 7A,0,0,0,0,0,0,0
Weymouth Woods 7C,0,0,0,0,0,0,0
Weymouth Woods 8A,0,0,0,0,0,0,0
Weymouth Woods 8B,0,0,0,0,0,0,0
Weymouth Woods 8C,0,0,0,0,0,0,0
Weymouth Woods 9A,0,0,0,0,0,0,0
Weymouth Woods 9B,0,0,0,0,0,0,0
Weymouth Woods 9C,0,0,0,0,0,0,0
Wintergreen 10A,0,0,0,1,0,0,0
Wintergreen 10B,0,0,0,0,0,0,0
Wintergreen 10C,0,0,0,0,0,0,0
Wintergreen 12A,0,0,0,0,0,0,0
Wintergreen 12B,0,0,0,0,0,0,0
Wintergreen 12C,0,0,0,0,0,0,0
Wintergreen 14A,0,0,0,1,0,0,0
Wintergreen 14C,0,0,0,0,0,0,0
Wintergreen 15A,0,0,1,1,1,1,0
Wintergreen 15B,1,0,0,0,0,0,0
Wintergreen 15C,0,0,0,0,0,0,0
Wintergreen 16A,1,1,0,1,1,0,0
Wintergreen 16B,0,0,0,0,0,0,0
Wintergreen 17A,0,0,0,0,0,0,1
Wintergreen 17B,0,0,0,0,0,0,0
Wintergreen 17C,0,0,0,0,0,0,0
Wintergreen 20A,0,0,0,0,0,0,1
Wintergreen 20B,0,0,0,0,0,0,0
Wintergreen 21A,0,0,0,0,0,0,0
Wintergreen 21C,0,0,0,0,0,0,0
Wintergreen 23A,1,1,0,0,0,1,1
Wintergreen 23B,0,0,0,0,0,0,0
Wintergreen 24A,1,1,1,1,0,1,1
Wintergreen 24B,0,0,0,0,0,0,0
Wintergreen 24C,0,0,0,0,0,0,0
Wintergreen 25A,0,1,0,1,0,0,1
Wintergreen 25B,0,0,0,0,0,0,0
Wintergreen 25C,0,0,0,0,0,0,0
Wintergreen 28A,0,0,0,0,0,1,0
Wintergreen 28B,0,0,0,0,0,0,0
Wintergreen 28C,0,0,0,0,0,0,0
Wintergreen 29A,0,0,0,0,0,0,1
Wintergreen 29C,0,0,0,0,0,0,0
Wintergreen 30A,0,0,0,1,0,0,1
Wintergreen 30B,0,0,0,0,0,0,0
Wintergreen 30C,0,0,0,0,0,0,1
Wintergreen 31A,0,1,0,0,0,0,1
Wintergreen 32B,0,0,0,0,0,0,0
Wintergreen 33A,1,1,0,0,1,1,1
Wintergreen 3A,0,0,0,0,0,0,0
Wintergreen 3B,0,0,0,0,0,0,0
Wintergreen 3C,0,0,0,0,0,0,0
Wintergreen 4A,0,0,0,0,0,0,0
Wintergreen 4B,0,0,0,0,0,0,0
Wintergreen 4C,0,0,0,0,0,0,0
Wintergreen 5A,1,0,1,0,0,0,0
Wintergreen 5B,0,0,0,0,0,0,0
Wintergreen 5C,0,0,0,0,0,0,0
Wintergreen 7A,0,1,0,0,0,0,1
Wintergreen 7B,0,0,0,0,0,0,0
Wintergreen 7C,0,0,0,0,0,0,0
Wintergreen 8A,0,0,0,0,0,0,0
Wintergreen 8B,0,0,0,0,0,0,0
Wintergreen 8C,0,0,0,0,0,0,0
Wintergreen 9A,1,0,0,0,0,1,0
